folder,n_pytorch_modeling,pytorch_modeling_files,n_modular,modular_files,n_tokenization,n_processing,n_image_processing,n_feature_extraction,has_pt_modeling,has_modular,has_exact_pt_modeling,is_modular_only,is_no_modeling,all_modeling_variants
afmoe,1,modeling_afmoe.py,1,modular_afmoe.py,0,0,0,0,True,True,True,False,False,modeling_afmoe.py
aimv2,1,modeling_aimv2.py,1,modular_aimv2.py,0,0,0,0,True,True,True,False,False,modeling_aimv2.py
albert,1,modeling_albert.py,0,,1,0,0,0,True,False,True,False,False,modeling_albert.py
align,1,modeling_align.py,0,,0,1,0,0,True,False,True,False,False,modeling_align.py
altclip,1,modeling_altclip.py,1,modular_altclip.py,0,1,0,0,True,True,True,False,False,modeling_altclip.py
apertus,1,modeling_apertus.py,1,modular_apertus.py,0,0,0,0,True,True,True,False,False,modeling_apertus.py
arcee,1,modeling_arcee.py,1,modular_arcee.py,0,0,0,0,True,True,True,False,False,modeling_arcee.py
aria,1,modeling_aria.py,1,modular_aria.py,0,1,2,0,True,True,True,False,False,modeling_aria.py
audio_spectrogram_transformer,1,modeling_audio_spectrogram_transformer.py,0,,0,0,0,1,True,False,True,False,False,modeling_audio_spectrogram_transformer.py
audioflamingo3,1,modeling_audioflamingo3.py,1,modular_audioflamingo3.py,0,1,0,0,True,True,True,False,False,modeling_audioflamingo3.py
auto,1,modeling_auto.py,0,,1,1,1,1,True,False,True,False,False,modeling_auto.py
autoformer,1,modeling_autoformer.py,0,,0,0,0,0,True,False,True,False,False,modeling_autoformer.py
aya_vision,1,modeling_aya_vision.py,1,modular_aya_vision.py,0,1,0,0,True,True,True,False,False,modeling_aya_vision.py
bamba,1,modeling_bamba.py,1,modular_bamba.py,0,0,0,0,True,True,True,False,False,modeling_bamba.py
bark,1,modeling_bark.py,0,,0,1,0,0,True,False,True,False,False,modeling_bark.py
bart,1,modeling_bart.py,0,,1,0,0,0,True,False,True,False,False,modeling_bart.py
barthez,0,,0,,1,0,0,0,False,False,False,False,True,
bartpho,0,,0,,1,0,0,0,False,False,False,False,True,
beit,1,modeling_beit.py,0,,0,0,2,0,True,False,True,False,False,modeling_beit.py
bert,1,modeling_bert.py,0,,2,0,0,0,True,False,True,False,False,modeling_bert.py
bert_generation,1,modeling_bert_generation.py,0,,1,0,0,0,True,False,True,False,False,modeling_bert_generation.py
bert_japanese,0,,0,,1,0,0,0,False,False,False,False,True,
bertweet,0,,0,,1,0,0,0,False,False,False,False,True,
big_bird,1,modeling_big_bird.py,0,,1,0,0,0,True,False,True,False,False,modeling_big_bird.py
bigbird_pegasus,1,modeling_bigbird_pegasus.py,0,,0,0,0,0,True,False,True,False,False,modeling_bigbird_pegasus.py
biogpt,1,modeling_biogpt.py,1,modular_biogpt.py,1,0,0,0,True,True,True,False,False,modeling_biogpt.py
bit,1,modeling_bit.py,0,,0,0,2,0,True,False,True,False,False,modeling_bit.py
bitnet,1,modeling_bitnet.py,1,modular_bitnet.py,0,0,0,0,True,True,True,False,False,modeling_bitnet.py
blenderbot,1,modeling_blenderbot.py,0,,1,0,0,0,True,False,True,False,False,modeling_blenderbot.py
blenderbot_small,1,modeling_blenderbot_small.py,0,,1,0,0,0,True,False,True,False,False,modeling_blenderbot_small.py
blip,2,modeling_blip.py;modeling_blip_text.py,0,,0,1,2,0,True,False,True,False,False,modeling_blip.py;modeling_blip_text.py
blip_2,1,modeling_blip_2.py,0,,0,1,0,0,True,False,True,False,False,modeling_blip_2.py
bloom,1,modeling_bloom.py,0,,0,0,0,0,True,False,True,False,False,modeling_bloom.py
blt,1,modeling_blt.py,1,modular_blt.py,0,0,0,0,True,True,True,False,False,modeling_blt.py
bridgetower,1,modeling_bridgetower.py,0,,0,1,2,0,True,False,True,False,False,modeling_bridgetower.py
bros,1,modeling_bros.py,0,,0,1,0,0,True,False,True,False,False,modeling_bros.py
byt5,0,,0,,1,0,0,0,False,False,False,False,True,
camembert,1,modeling_camembert.py,1,modular_camembert.py,1,0,0,0,True,True,True,False,False,modeling_camembert.py
canine,1,modeling_canine.py,0,,1,0,0,0,True,False,True,False,False,modeling_canine.py
chameleon,1,modeling_chameleon.py,0,,0,1,2,0,True,False,True,False,False,modeling_chameleon.py
chinese_clip,1,modeling_chinese_clip.py,1,modular_chinese_clip.py,0,1,2,0,True,True,True,False,False,modeling_chinese_clip.py
chmv2,1,modeling_chmv2.py,1,modular_chmv2.py,0,0,1,0,True,True,True,False,False,modeling_chmv2.py
clap,1,modeling_clap.py,0,,0,1,0,1,True,False,True,False,False,modeling_clap.py
clip,1,modeling_clip.py,0,,1,1,2,0,True,False,True,False,False,modeling_clip.py
clipseg,1,modeling_clipseg.py,1,modular_clipseg.py,0,1,0,0,True,True,True,False,False,modeling_clipseg.py
clvp,1,modeling_clvp.py,0,,1,1,0,1,True,False,True,False,False,modeling_clvp.py
code_llama,0,,0,,1,0,0,0,False,False,False,False,True,
codegen,1,modeling_codegen.py,0,,1,0,0,0,True,False,True,False,False,modeling_codegen.py
cohere,1,modeling_cohere.py,1,modular_cohere.py,1,0,0,0,True,True,True,False,False,modeling_cohere.py
cohere2,1,modeling_cohere2.py,1,modular_cohere2.py,0,0,0,0,True,True,True,False,False,modeling_cohere2.py
cohere2_vision,1,modeling_cohere2_vision.py,1,modular_cohere2_vision.py,0,1,1,0,True,True,True,False,False,modeling_cohere2_vision.py
cohere_asr,1,modeling_cohere_asr.py,1,modular_cohere_asr.py,0,1,0,1,True,True,True,False,False,modeling_cohere_asr.py
colmodernvbert,1,modeling_colmodernvbert.py,1,modular_colmodernvbert.py,0,1,0,0,True,True,True,False,False,modeling_colmodernvbert.py
colpali,1,modeling_colpali.py,1,modular_colpali.py,0,1,0,0,True,True,True,False,False,modeling_colpali.py
colqwen2,1,modeling_colqwen2.py,1,modular_colqwen2.py,0,1,0,0,True,True,True,False,False,modeling_colqwen2.py
conditional_detr,1,modeling_conditional_detr.py,1,modular_conditional_detr.py,0,0,2,0,True,True,True,False,False,modeling_conditional_detr.py
convbert,1,modeling_convbert.py,0,,1,0,0,0,True,False,True,False,False,modeling_convbert.py
convnext,1,modeling_convnext.py,0,,0,0,2,0,True,False,True,False,False,modeling_convnext.py
convnextv2,1,modeling_convnextv2.py,0,,0,0,0,0,True,False,True,False,False,modeling_convnextv2.py
cpm,0,,0,,2,0,0,0,False,False,False,False,True,
cpmant,1,modeling_cpmant.py,0,,1,0,0,0,True,False,True,False,False,modeling_cpmant.py
csm,1,modeling_csm.py,1,modular_csm.py,0,1,0,0,True,True,True,False,False,modeling_csm.py
ctrl,1,modeling_ctrl.py,0,,1,0,0,0,True,False,True,False,False,modeling_ctrl.py
cvt,1,modeling_cvt.py,0,,0,0,0,0,True,False,True,False,False,modeling_cvt.py
cwm,1,modeling_cwm.py,1,modular_cwm.py,0,0,0,0,True,True,True,False,False,modeling_cwm.py
d_fine,1,modeling_d_fine.py,1,modular_d_fine.py,0,0,0,0,True,True,True,False,False,modeling_d_fine.py
dab_detr,1,modeling_dab_detr.py,0,,0,0,0,0,True,False,True,False,False,modeling_dab_detr.py
dac,1,modeling_dac.py,0,,0,0,0,1,True,False,True,False,False,modeling_dac.py
data2vec,3,modeling_data2vec_audio.py;modeling_data2vec_text.py;modeling_data2vec_vision.py,2,modular_data2vec_audio.py;modular_data2vec_text.py,0,0,0,0,True,True,False,False,False,modeling_data2vec_audio.py;modeling_data2vec_text.py;modeling_data2vec_vision.py
dbrx,1,modeling_dbrx.py,1,modular_dbrx.py,0,0,0,0,True,True,True,False,False,modeling_dbrx.py
deberta,1,modeling_deberta.py,0,,1,0,0,0,True,False,True,False,False,modeling_deberta.py
deberta_v2,1,modeling_deberta_v2.py,0,,1,0,0,0,True,False,True,False,False,modeling_deberta_v2.py
decision_transformer,1,modeling_decision_transformer.py,0,,0,0,0,0,True,False,True,False,False,modeling_decision_transformer.py
deepseek_v2,1,modeling_deepseek_v2.py,1,modular_deepseek_v2.py,0,0,0,0,True,True,True,False,False,modeling_deepseek_v2.py
deepseek_v3,1,modeling_deepseek_v3.py,1,modular_deepseek_v3.py,0,0,0,0,True,True,True,False,False,modeling_deepseek_v3.py
deepseek_v4,1,modeling_deepseek_v4.py,1,modular_deepseek_v4.py,0,0,0,0,True,True,True,False,False,modeling_deepseek_v4.py
deepseek_vl,1,modeling_deepseek_vl.py,1,modular_deepseek_vl.py,0,1,2,0,True,True,True,False,False,modeling_deepseek_vl.py
deepseek_vl_hybrid,1,modeling_deepseek_vl_hybrid.py,1,modular_deepseek_vl_hybrid.py,0,1,2,0,True,True,True,False,False,modeling_deepseek_vl_hybrid.py
deformable_detr,1,modeling_deformable_detr.py,1,modular_deformable_detr.py,0,0,2,0,True,True,True,False,False,modeling_deformable_detr.py
deimv2,1,modeling_deimv2.py,1,modular_deimv2.py,0,0,0,0,True,True,True,False,False,modeling_deimv2.py
deit,1,modeling_deit.py,0,,0,0,2,0,True,False,True,False,False,modeling_deit.py
deprecated,0,,0,,0,0,0,0,False,False,False,False,True,
depth_anything,1,modeling_depth_anything.py,0,,0,0,0,0,True,False,True,False,False,modeling_depth_anything.py
depth_pro,1,modeling_depth_pro.py,0,,0,0,1,0,True,False,True,False,False,modeling_depth_pro.py
detr,1,modeling_detr.py,0,,0,0,2,0,True,False,True,False,False,modeling_detr.py
dia,1,modeling_dia.py,1,modular_dia.py,1,1,0,1,True,True,True,False,False,modeling_dia.py
dialogpt,0,,0,,0,0,0,0,False,False,False,False,True,
diffllama,1,modeling_diffllama.py,1,modular_diffllama.py,0,0,0,0,True,True,True,False,False,modeling_diffllama.py
dinat,1,modeling_dinat.py,0,,0,0,0,0,True,False,True,False,False,modeling_dinat.py
dinov2,1,modeling_dinov2.py,0,,0,0,0,0,True,False,True,False,False,modeling_dinov2.py
dinov2_with_registers,1,modeling_dinov2_with_registers.py,1,modular_dinov2_with_registers.py,0,0,0,0,True,True,True,False,False,modeling_dinov2_with_registers.py
dinov3_convnext,1,modeling_dinov3_convnext.py,0,,0,0,0,0,True,False,True,False,False,modeling_dinov3_convnext.py
dinov3_vit,1,modeling_dinov3_vit.py,1,modular_dinov3_vit.py,0,0,1,0,True,True,True,False,False,modeling_dinov3_vit.py
distilbert,1,modeling_distilbert.py,0,,1,0,0,0,True,False,True,False,False,modeling_distilbert.py
dit,0,,0,,0,0,0,0,False,False,False,False,True,
doge,1,modeling_doge.py,1,modular_doge.py,0,0,0,0,True,True,True,False,False,modeling_doge.py
donut,1,modeling_donut_swin.py,0,,0,1,2,0,True,False,False,False,False,modeling_donut_swin.py
dots1,1,modeling_dots1.py,1,modular_dots1.py,0,0,0,0,True,True,True,False,False,modeling_dots1.py
dpr,1,modeling_dpr.py,0,,2,0,0,0,True,False,True,False,False,modeling_dpr.py
dpt,1,modeling_dpt.py,1,modular_dpt.py,0,0,2,0,True,True,True,False,False,modeling_dpt.py
edgetam,1,modeling_edgetam.py,1,modular_edgetam.py,0,0,0,0,True,True,True,False,False,modeling_edgetam.py
edgetam_video,1,modeling_edgetam_video.py,1,modular_edgetam_video.py,0,0,0,0,True,True,True,False,False,modeling_edgetam_video.py
efficientloftr,1,modeling_efficientloftr.py,1,modular_efficientloftr.py,0,0,2,0,True,True,True,False,False,modeling_efficientloftr.py
efficientnet,1,modeling_efficientnet.py,0,,0,0,2,0,True,False,True,False,False,modeling_efficientnet.py
electra,1,modeling_electra.py,0,,0,0,0,0,True,False,True,False,False,modeling_electra.py
emu3,1,modeling_emu3.py,1,modular_emu3.py,0,1,1,0,True,True,True,False,False,modeling_emu3.py
encodec,1,modeling_encodec.py,0,,0,0,0,1,True,False,True,False,False,modeling_encodec.py
encoder_decoder,1,modeling_encoder_decoder.py,0,,0,0,0,0,True,False,True,False,False,modeling_encoder_decoder.py
eomt,1,modeling_eomt.py,1,modular_eomt.py,0,0,2,0,True,True,True,False,False,modeling_eomt.py
eomt_dinov3,1,modeling_eomt_dinov3.py,1,modular_eomt_dinov3.py,0,0,0,0,True,True,True,False,False,modeling_eomt_dinov3.py
ernie,1,modeling_ernie.py,1,modular_ernie.py,0,0,0,0,True,True,True,False,False,modeling_ernie.py
ernie4_5,1,modeling_ernie4_5.py,1,modular_ernie4_5.py,0,0,0,0,True,True,True,False,False,modeling_ernie4_5.py
ernie4_5_moe,1,modeling_ernie4_5_moe.py,1,modular_ernie4_5_moe.py,0,0,0,0,True,True,True,False,False,modeling_ernie4_5_moe.py
ernie4_5_vl_moe,1,modeling_ernie4_5_vl_moe.py,1,modular_ernie4_5_vl_moe.py,0,1,2,0,True,True,True,False,False,modeling_ernie4_5_vl_moe.py
esm,2,modeling_esm.py;modeling_esmfold.py,0,,1,0,0,0,True,False,True,False,False,modeling_esm.py;modeling_esmfold.py
eurobert,1,modeling_eurobert.py,1,modular_eurobert.py,0,0,0,0,True,True,True,False,False,modeling_eurobert.py
evolla,1,modeling_evolla.py,1,modular_evolla.py,0,1,0,0,True,True,True,False,False,modeling_evolla.py
exaone4,1,modeling_exaone4.py,1,modular_exaone4.py,0,0,0,0,True,True,True,False,False,modeling_exaone4.py
exaone4_5,1,modeling_exaone4_5.py,1,modular_exaone4_5.py,0,1,0,0,True,True,True,False,False,modeling_exaone4_5.py
exaone_moe,1,modeling_exaone_moe.py,1,modular_exaone_moe.py,0,0,0,0,True,True,True,False,False,modeling_exaone_moe.py
falcon,1,modeling_falcon.py,0,,0,0,0,0,True,False,True,False,False,modeling_falcon.py
falcon_h1,1,modeling_falcon_h1.py,1,modular_falcon_h1.py,0,0,0,0,True,True,True,False,False,modeling_falcon_h1.py
falcon_mamba,1,modeling_falcon_mamba.py,1,modular_falcon_mamba.py,0,0,0,0,True,True,True,False,False,modeling_falcon_mamba.py
fast_vlm,1,modeling_fast_vlm.py,1,modular_fast_vlm.py,0,0,0,0,True,True,True,False,False,modeling_fast_vlm.py
fastspeech2_conformer,1,modeling_fastspeech2_conformer.py,0,,1,0,0,0,True,False,True,False,False,modeling_fastspeech2_conformer.py
flaubert,1,modeling_flaubert.py,0,,1,0,0,0,True,False,True,False,False,modeling_flaubert.py
flava,1,modeling_flava.py,0,,0,1,2,0,True,False,True,False,False,modeling_flava.py
flex_olmo,1,modeling_flex_olmo.py,1,modular_flex_olmo.py,0,0,0,0,True,True,True,False,False,modeling_flex_olmo.py
florence2,1,modeling_florence2.py,1,modular_florence2.py,0,1,0,0,True,True,True,False,False,modeling_florence2.py
fnet,1,modeling_fnet.py,0,,1,0,0,0,True,False,True,False,False,modeling_fnet.py
focalnet,1,modeling_focalnet.py,0,,0,0,0,0,True,False,True,False,False,modeling_focalnet.py
fsmt,1,modeling_fsmt.py,0,,1,0,0,0,True,False,True,False,False,modeling_fsmt.py
funnel,1,modeling_funnel.py,0,,1,0,0,0,True,False,True,False,False,modeling_funnel.py
fuyu,1,modeling_fuyu.py,0,,0,1,2,0,True,False,True,False,False,modeling_fuyu.py
gemma,1,modeling_gemma.py,1,modular_gemma.py,1,0,0,0,True,True,True,False,False,modeling_gemma.py
gemma2,1,modeling_gemma2.py,1,modular_gemma2.py,0,0,0,0,True,True,True,False,False,modeling_gemma2.py
gemma3,1,modeling_gemma3.py,1,modular_gemma3.py,0,1,2,0,True,True,True,False,False,modeling_gemma3.py
gemma3n,1,modeling_gemma3n.py,1,modular_gemma3n.py,0,1,0,1,True,True,True,False,False,modeling_gemma3n.py
gemma4,1,modeling_gemma4.py,1,modular_gemma4.py,0,1,2,1,True,True,True,False,False,modeling_gemma4.py
gemma4_assistant,1,modeling_gemma4_assistant.py,0,,0,0,0,0,True,False,True,False,False,modeling_gemma4_assistant.py
git,1,modeling_git.py,0,,0,1,0,0,True,False,True,False,False,modeling_git.py
glm,1,modeling_glm.py,1,modular_glm.py,0,0,0,0,True,True,True,False,False,modeling_glm.py
glm4,1,modeling_glm4.py,1,modular_glm4.py,0,0,0,0,True,True,True,False,False,modeling_glm4.py
glm46v,1,modeling_glm46v.py,1,modular_glm46v.py,0,1,2,0,True,True,True,False,False,modeling_glm46v.py
glm4_moe,1,modeling_glm4_moe.py,1,modular_glm4_moe.py,0,0,0,0,True,True,True,False,False,modeling_glm4_moe.py
glm4_moe_lite,1,modeling_glm4_moe_lite.py,1,modular_glm4_moe_lite.py,0,0,0,0,True,True,True,False,False,modeling_glm4_moe_lite.py
glm4v,1,modeling_glm4v.py,1,modular_glm4v.py,0,1,2,0,True,True,True,False,False,modeling_glm4v.py
glm4v_moe,1,modeling_glm4v_moe.py,1,modular_glm4v_moe.py,0,0,0,0,True,True,True,False,False,modeling_glm4v_moe.py
glm_image,1,modeling_glm_image.py,1,modular_glm_image.py,0,1,2,0,True,True,True,False,False,modeling_glm_image.py
glm_moe_dsa,1,modeling_glm_moe_dsa.py,1,modular_glm_moe_dsa.py,0,0,0,0,True,True,True,False,False,modeling_glm_moe_dsa.py
glm_ocr,1,modeling_glm_ocr.py,1,modular_glm_ocr.py,0,0,0,0,True,True,True,False,False,modeling_glm_ocr.py
glmasr,1,modeling_glmasr.py,1,modular_glmasr.py,0,1,0,0,True,True,True,False,False,modeling_glmasr.py
glpn,1,modeling_glpn.py,0,,0,0,2,0,True,False,True,False,False,modeling_glpn.py
got_ocr2,1,modeling_got_ocr2.py,1,modular_got_ocr2.py,0,1,2,0,True,True,True,False,False,modeling_got_ocr2.py
gpt2,1,modeling_gpt2.py,0,,1,0,0,0,True,False,True,False,False,modeling_gpt2.py
gpt_bigcode,1,modeling_gpt_bigcode.py,0,,0,0,0,0,True,False,True,False,False,modeling_gpt_bigcode.py
gpt_neo,1,modeling_gpt_neo.py,0,,0,0,0,0,True,False,True,False,False,modeling_gpt_neo.py
gpt_neox,1,modeling_gpt_neox.py,1,modular_gpt_neox.py,1,0,0,0,True,True,True,False,False,modeling_gpt_neox.py
gpt_neox_japanese,1,modeling_gpt_neox_japanese.py,0,,1,0,0,0,True,False,True,False,False,modeling_gpt_neox_japanese.py
gpt_oss,1,modeling_gpt_oss.py,1,modular_gpt_oss.py,0,0,0,0,True,True,True,False,False,modeling_gpt_oss.py
gpt_sw3,0,,0,,1,0,0,0,False,False,False,False,True,
gptj,1,modeling_gptj.py,0,,0,0,0,0,True,False,True,False,False,modeling_gptj.py
granite,1,modeling_granite.py,1,modular_granite.py,0,0,0,0,True,True,True,False,False,modeling_granite.py
granite4_vision,1,modeling_granite4_vision.py,1,modular_granite4_vision.py,0,1,0,0,True,True,True,False,False,modeling_granite4_vision.py
granite_speech,1,modeling_granite_speech.py,0,,0,1,0,1,True,False,True,False,False,modeling_granite_speech.py
granite_speech_plus,1,modeling_granite_speech_plus.py,1,modular_granite_speech_plus.py,0,0,0,0,True,True,True,False,False,modeling_granite_speech_plus.py
granitemoe,1,modeling_granitemoe.py,1,modular_granitemoe.py,0,0,0,0,True,True,True,False,False,modeling_granitemoe.py
granitemoehybrid,1,modeling_granitemoehybrid.py,1,modular_granitemoehybrid.py,0,0,0,0,True,True,True,False,False,modeling_granitemoehybrid.py
granitemoeshared,1,modeling_granitemoeshared.py,1,modular_granitemoeshared.py,0,0,0,0,True,True,True,False,False,modeling_granitemoeshared.py
grounding_dino,1,modeling_grounding_dino.py,1,modular_grounding_dino.py,0,1,2,0,True,True,True,False,False,modeling_grounding_dino.py
groupvit,1,modeling_groupvit.py,0,,0,0,0,0,True,False,True,False,False,modeling_groupvit.py
helium,1,modeling_helium.py,1,modular_helium.py,0,0,0,0,True,True,True,False,False,modeling_helium.py
herbert,0,,0,,1,0,0,0,False,False,False,False,True,
hgnet_v2,1,modeling_hgnet_v2.py,1,modular_hgnet_v2.py,0,0,0,0,True,True,True,False,False,modeling_hgnet_v2.py
hiera,1,modeling_hiera.py,0,,0,0,0,0,True,False,True,False,False,modeling_hiera.py
higgs_audio_v2,1,modeling_higgs_audio_v2.py,1,modular_higgs_audio_v2.py,0,1,0,0,True,True,True,False,False,modeling_higgs_audio_v2.py
higgs_audio_v2_tokenizer,1,modeling_higgs_audio_v2_tokenizer.py,1,modular_higgs_audio_v2_tokenizer.py,0,0,0,0,True,True,True,False,False,modeling_higgs_audio_v2_tokenizer.py
hubert,1,modeling_hubert.py,1,modular_hubert.py,0,0,0,0,True,True,True,False,False,modeling_hubert.py
hunyuan_v1_dense,1,modeling_hunyuan_v1_dense.py,1,modular_hunyuan_v1_dense.py,0,0,0,0,True,True,True,False,False,modeling_hunyuan_v1_dense.py
hunyuan_v1_moe,1,modeling_hunyuan_v1_moe.py,1,modular_hunyuan_v1_moe.py,0,0,0,0,True,True,True,False,False,modeling_hunyuan_v1_moe.py
hy_v3,1,modeling_hy_v3.py,1,modular_hy_v3.py,0,0,0,0,True,True,True,False,False,modeling_hy_v3.py
ibert,1,modeling_ibert.py,0,,0,0,0,0,True,False,True,False,False,modeling_ibert.py
idefics,1,modeling_idefics.py,0,,0,1,2,0,True,False,True,False,False,modeling_idefics.py
idefics2,1,modeling_idefics2.py,0,,0,1,2,0,True,False,True,False,False,modeling_idefics2.py
idefics3,1,modeling_idefics3.py,0,,0,1,2,0,True,False,True,False,False,modeling_idefics3.py
ijepa,1,modeling_ijepa.py,1,modular_ijepa.py,0,0,0,0,True,True,True,False,False,modeling_ijepa.py
imagegpt,1,modeling_imagegpt.py,0,,0,0,2,0,True,False,True,False,False,modeling_imagegpt.py
informer,1,modeling_informer.py,1,modular_informer.py,0,0,0,0,True,True,True,False,False,modeling_informer.py
instructblip,1,modeling_instructblip.py,0,,0,1,0,0,True,False,True,False,False,modeling_instructblip.py
instructblipvideo,1,modeling_instructblipvideo.py,1,modular_instructblipvideo.py,0,1,0,0,True,True,True,False,False,modeling_instructblipvideo.py
internvl,1,modeling_internvl.py,1,modular_internvl.py,0,1,0,0,True,True,True,False,False,modeling_internvl.py
jais2,1,modeling_jais2.py,1,modular_jais2.py,0,0,0,0,True,True,True,False,False,modeling_jais2.py
jamba,1,modeling_jamba.py,1,modular_jamba.py,0,0,0,0,True,True,True,False,False,modeling_jamba.py
janus,1,modeling_janus.py,1,modular_janus.py,0,1,2,0,True,True,True,False,False,modeling_janus.py
jetmoe,1,modeling_jetmoe.py,1,modular_jetmoe.py,0,0,0,0,True,True,True,False,False,modeling_jetmoe.py
jina_embeddings_v3,1,modeling_jina_embeddings_v3.py,1,modular_jina_embeddings_v3.py,0,0,0,0,True,True,True,False,False,modeling_jina_embeddings_v3.py
kosmos2,1,modeling_kosmos2.py,0,,0,1,0,0,True,False,True,False,False,modeling_kosmos2.py
kosmos2_5,1,modeling_kosmos2_5.py,0,,0,1,2,0,True,False,True,False,False,modeling_kosmos2_5.py
kyutai_speech_to_text,1,modeling_kyutai_speech_to_text.py,1,modular_kyutai_speech_to_text.py,0,1,0,1,True,True,True,False,False,modeling_kyutai_speech_to_text.py
laguna,1,modeling_laguna.py,1,modular_laguna.py,0,0,0,0,True,True,True,False,False,modeling_laguna.py
lasr,1,modeling_lasr.py,1,modular_lasr.py,1,1,0,1,True,True,True,False,False,modeling_lasr.py
layoutlm,1,modeling_layoutlm.py,0,,0,0,0,0,True,False,True,False,False,modeling_layoutlm.py
layoutlmv2,1,modeling_layoutlmv2.py,0,,1,1,2,0,True,False,True,False,False,modeling_layoutlmv2.py
layoutlmv3,1,modeling_layoutlmv3.py,0,,1,1,2,0,True,False,True,False,False,modeling_layoutlmv3.py
layoutxlm,0,,1,modular_layoutxlm.py,1,1,0,0,False,True,False,True,False,
led,1,modeling_led.py,0,,0,0,0,0,True,False,True,False,False,modeling_led.py
levit,1,modeling_levit.py,0,,0,0,2,0,True,False,True,False,False,modeling_levit.py
lfm2,1,modeling_lfm2.py,1,modular_lfm2.py,0,0,0,0,True,True,True,False,False,modeling_lfm2.py
lfm2_moe,1,modeling_lfm2_moe.py,1,modular_lfm2_moe.py,0,0,0,0,True,True,True,False,False,modeling_lfm2_moe.py
lfm2_vl,1,modeling_lfm2_vl.py,1,modular_lfm2_vl.py,0,1,1,0,True,True,True,False,False,modeling_lfm2_vl.py
lightglue,1,modeling_lightglue.py,1,modular_lightglue.py,0,0,2,0,True,True,True,False,False,modeling_lightglue.py
lighton_ocr,1,modeling_lighton_ocr.py,1,modular_lighton_ocr.py,0,1,0,0,True,True,True,False,False,modeling_lighton_ocr.py
lilt,1,modeling_lilt.py,0,,0,0,0,0,True,False,True,False,False,modeling_lilt.py
llama,1,modeling_llama.py,0,,1,0,0,0,True,False,True,False,False,modeling_llama.py
llama4,1,modeling_llama4.py,0,,0,1,1,0,True,False,True,False,False,modeling_llama4.py
llava,1,modeling_llava.py,0,,0,1,2,0,True,False,True,False,False,modeling_llava.py
llava_next,1,modeling_llava_next.py,0,,0,1,2,0,True,False,True,False,False,modeling_llava_next.py
llava_next_video,1,modeling_llava_next_video.py,1,modular_llava_next_video.py,0,1,0,0,True,True,True,False,False,modeling_llava_next_video.py
llava_onevision,1,modeling_llava_onevision.py,1,modular_llava_onevision.py,0,1,2,0,True,True,True,False,False,modeling_llava_onevision.py
longcat_flash,1,modeling_longcat_flash.py,1,modular_longcat_flash.py,0,0,0,0,True,True,True,False,False,modeling_longcat_flash.py
longformer,1,modeling_longformer.py,0,,0,0,0,0,True,False,True,False,False,modeling_longformer.py
longt5,1,modeling_longt5.py,0,,0,0,0,0,True,False,True,False,False,modeling_longt5.py
luke,1,modeling_luke.py,0,,1,0,0,0,True,False,True,False,False,modeling_luke.py
lw_detr,1,modeling_lw_detr.py,1,modular_lw_detr.py,0,0,0,0,True,True,True,False,False,modeling_lw_detr.py
lxmert,1,modeling_lxmert.py,0,,0,0,0,0,True,False,True,False,False,modeling_lxmert.py
m2m_100,1,modeling_m2m_100.py,0,,1,0,0,0,True,False,True,False,False,modeling_m2m_100.py
mamba,1,modeling_mamba.py,0,,0,0,0,0,True,False,True,False,False,modeling_mamba.py
mamba2,1,modeling_mamba2.py,0,,0,0,0,0,True,False,True,False,False,modeling_mamba2.py
marian,1,modeling_marian.py,0,,1,0,0,0,True,False,True,False,False,modeling_marian.py
markuplm,1,modeling_markuplm.py,0,,1,1,0,1,True,False,True,False,False,modeling_markuplm.py
mask2former,1,modeling_mask2former.py,1,modular_mask2former.py,0,0,2,0,True,True,True,False,False,modeling_mask2former.py
maskformer,2,modeling_maskformer.py;modeling_maskformer_swin.py,1,modular_maskformer.py,0,0,2,0,True,True,True,False,False,modeling_maskformer.py;modeling_maskformer_swin.py
mbart,1,modeling_mbart.py,0,,1,0,0,0,True,False,True,False,False,modeling_mbart.py
mbart50,0,,0,,1,0,0,0,False,False,False,False,True,
megatron_bert,1,modeling_megatron_bert.py,0,,0,0,0,0,True,False,True,False,False,modeling_megatron_bert.py
megatron_gpt2,0,,0,,0,0,0,0,False,False,False,False,True,
metaclip_2,1,modeling_metaclip_2.py,1,modular_metaclip_2.py,0,0,0,0,True,True,True,False,False,modeling_metaclip_2.py
mgp_str,1,modeling_mgp_str.py,0,,1,1,0,0,True,False,True,False,False,modeling_mgp_str.py
mimi,1,modeling_mimi.py,0,,0,0,0,0,True,False,True,False,False,modeling_mimi.py
minicpmv4_6,1,modeling_minicpmv4_6.py,1,modular_minicpmv4_6.py,0,1,2,0,True,True,True,False,False,modeling_minicpmv4_6.py
minimax,1,modeling_minimax.py,1,modular_minimax.py,0,0,0,0,True,True,True,False,False,modeling_minimax.py
minimax_m2,1,modeling_minimax_m2.py,1,modular_minimax_m2.py,0,0,0,0,True,True,True,False,False,modeling_minimax_m2.py
ministral,1,modeling_ministral.py,1,modular_ministral.py,0,0,0,0,True,True,True,False,False,modeling_ministral.py
ministral3,1,modeling_ministral3.py,1,modular_ministral3.py,0,0,0,0,True,True,True,False,False,modeling_ministral3.py
mistral,1,modeling_mistral.py,1,modular_mistral.py,0,0,0,0,True,True,True,False,False,modeling_mistral.py
mistral3,1,modeling_mistral3.py,1,modular_mistral3.py,0,0,0,0,True,True,True,False,False,modeling_mistral3.py
mistral4,1,modeling_mistral4.py,1,modular_mistral4.py,0,0,0,0,True,True,True,False,False,modeling_mistral4.py
mixtral,1,modeling_mixtral.py,1,modular_mixtral.py,0,0,0,0,True,True,True,False,False,modeling_mixtral.py
mlcd,1,modeling_mlcd.py,1,modular_mlcd.py,0,0,0,0,True,True,True,False,False,modeling_mlcd.py
mllama,1,modeling_mllama.py,0,,0,1,2,0,True,False,True,False,False,modeling_mllama.py
mluke,0,,0,,1,0,0,0,False,False,False,False,True,
mm_grounding_dino,1,modeling_mm_grounding_dino.py,1,modular_mm_grounding_dino.py,0,0,0,0,True,True,True,False,False,modeling_mm_grounding_dino.py
mobilebert,1,modeling_mobilebert.py,0,,1,0,0,0,True,False,True,False,False,modeling_mobilebert.py
mobilenet_v1,1,modeling_mobilenet_v1.py,0,,0,0,2,0,True,False,True,False,False,modeling_mobilenet_v1.py
mobilenet_v2,1,modeling_mobilenet_v2.py,0,,0,0,2,0,True,False,True,False,False,modeling_mobilenet_v2.py
mobilevit,1,modeling_mobilevit.py,0,,0,0,2,0,True,False,True,False,False,modeling_mobilevit.py
mobilevitv2,1,modeling_mobilevitv2.py,0,,0,0,0,0,True,False,True,False,False,modeling_mobilevitv2.py
modernbert,1,modeling_modernbert.py,1,modular_modernbert.py,0,0,0,0,True,True,True,False,False,modeling_modernbert.py
modernbert_decoder,1,modeling_modernbert_decoder.py,1,modular_modernbert_decoder.py,0,0,0,0,True,True,True,False,False,modeling_modernbert_decoder.py
modernvbert,1,modeling_modernvbert.py,1,modular_modernvbert.py,0,0,0,0,True,True,True,False,False,modeling_modernvbert.py
moonshine,1,modeling_moonshine.py,1,modular_moonshine.py,0,0,0,0,True,True,True,False,False,modeling_moonshine.py
moonshine_streaming,1,modeling_moonshine_streaming.py,1,modular_moonshine_streaming.py,0,1,0,0,True,True,True,False,False,modeling_moonshine_streaming.py
moshi,1,modeling_moshi.py,0,,0,0,0,0,True,False,True,False,False,modeling_moshi.py
mpnet,1,modeling_mpnet.py,0,,1,0,0,0,True,False,True,False,False,modeling_mpnet.py
mpt,1,modeling_mpt.py,0,,0,0,0,0,True,False,True,False,False,modeling_mpt.py
mra,1,modeling_mra.py,0,,0,0,0,0,True,False,True,False,False,modeling_mra.py
mt5,1,modeling_mt5.py,0,,0,0,0,0,True,False,True,False,False,modeling_mt5.py
musicflamingo,1,modeling_musicflamingo.py,1,modular_musicflamingo.py,0,1,0,0,True,True,True,False,False,modeling_musicflamingo.py
musicgen,1,modeling_musicgen.py,0,,0,1,0,0,True,False,True,False,False,modeling_musicgen.py
musicgen_melody,1,modeling_musicgen_melody.py,0,,0,1,0,1,True,False,True,False,False,modeling_musicgen_melody.py
mvp,1,modeling_mvp.py,0,,0,0,0,0,True,False,True,False,False,modeling_mvp.py
myt5,0,,0,,1,0,0,0,False,False,False,False,True,
nanochat,1,modeling_nanochat.py,1,modular_nanochat.py,0,0,0,0,True,True,True,False,False,modeling_nanochat.py
nemotron,1,modeling_nemotron.py,0,,0,0,0,0,True,False,True,False,False,modeling_nemotron.py
nemotron_h,1,modeling_nemotron_h.py,1,modular_nemotron_h.py,0,0,0,0,True,True,True,False,False,modeling_nemotron_h.py
nllb,0,,0,,1,0,0,0,False,False,False,False,True,
nllb_moe,1,modeling_nllb_moe.py,0,,0,0,0,0,True,False,True,False,False,modeling_nllb_moe.py
nomic_bert,1,modeling_nomic_bert.py,1,modular_nomic_bert.py,0,0,0,0,True,True,True,False,False,modeling_nomic_bert.py
nougat,0,,0,,1,1,2,0,False,False,False,False,True,
nystromformer,1,modeling_nystromformer.py,0,,0,0,0,0,True,False,True,False,False,modeling_nystromformer.py
olmo,1,modeling_olmo.py,1,modular_olmo.py,0,0,0,0,True,True,True,False,False,modeling_olmo.py
olmo2,1,modeling_olmo2.py,1,modular_olmo2.py,0,0,0,0,True,True,True,False,False,modeling_olmo2.py
olmo3,1,modeling_olmo3.py,1,modular_olmo3.py,0,0,0,0,True,True,True,False,False,modeling_olmo3.py
olmo_hybrid,1,modeling_olmo_hybrid.py,1,modular_olmo_hybrid.py,0,0,0,0,True,True,True,False,False,modeling_olmo_hybrid.py
olmoe,1,modeling_olmoe.py,1,modular_olmoe.py,0,0,0,0,True,True,True,False,False,modeling_olmoe.py
omdet_turbo,1,modeling_omdet_turbo.py,0,,0,1,0,0,True,False,True,False,False,modeling_omdet_turbo.py
oneformer,1,modeling_oneformer.py,0,,0,1,2,0,True,False,True,False,False,modeling_oneformer.py
openai,1,modeling_openai.py,0,,1,0,0,0,True,False,True,False,False,modeling_openai.py
openai_privacy_filter,1,modeling_openai_privacy_filter.py,1,modular_openai_privacy_filter.py,0,0,0,0,True,True,True,False,False,modeling_openai_privacy_filter.py
opt,1,modeling_opt.py,0,,0,0,0,0,True,False,True,False,False,modeling_opt.py
ovis2,1,modeling_ovis2.py,1,modular_ovis2.py,0,1,2,0,True,True,True,False,False,modeling_ovis2.py
owlv2,1,modeling_owlv2.py,1,modular_owlv2.py,0,1,2,0,True,True,True,False,False,modeling_owlv2.py
owlvit,1,modeling_owlvit.py,0,,0,1,2,0,True,False,True,False,False,modeling_owlvit.py
paddleocr_vl,1,modeling_paddleocr_vl.py,1,modular_paddleocr_vl.py,0,1,2,0,True,True,True,False,False,modeling_paddleocr_vl.py
paligemma,1,modeling_paligemma.py,0,,0,1,0,0,True,False,True,False,False,modeling_paligemma.py
parakeet,1,modeling_parakeet.py,1,modular_parakeet.py,1,1,0,1,True,True,True,False,False,modeling_parakeet.py
patchtsmixer,1,modeling_patchtsmixer.py,0,,0,0,0,0,True,False,True,False,False,modeling_patchtsmixer.py
patchtst,1,modeling_patchtst.py,0,,0,0,0,0,True,False,True,False,False,modeling_patchtst.py
pe_audio,1,modeling_pe_audio.py,1,modular_pe_audio.py,0,1,0,1,True,True,True,False,False,modeling_pe_audio.py
pe_audio_video,1,modeling_pe_audio_video.py,1,modular_pe_audio_video.py,0,1,0,0,True,True,True,False,False,modeling_pe_audio_video.py
pe_video,1,modeling_pe_video.py,1,modular_pe_video.py,0,1,0,0,True,True,True,False,False,modeling_pe_video.py
pegasus,1,modeling_pegasus.py,0,,1,0,0,0,True,False,True,False,False,modeling_pegasus.py
pegasus_x,1,modeling_pegasus_x.py,0,,0,0,0,0,True,False,True,False,False,modeling_pegasus_x.py
perceiver,1,modeling_perceiver.py,0,,1,0,2,0,True,False,True,False,False,modeling_perceiver.py
perception_lm,1,modeling_perception_lm.py,1,modular_perception_lm.py,0,1,1,0,True,True,True,False,False,modeling_perception_lm.py
persimmon,1,modeling_persimmon.py,0,,0,0,0,0,True,False,True,False,False,modeling_persimmon.py
phi,1,modeling_phi.py,1,modular_phi.py,0,0,0,0,True,True,True,False,False,modeling_phi.py
phi3,1,modeling_phi3.py,1,modular_phi3.py,0,0,0,0,True,True,True,False,False,modeling_phi3.py
phi4_multimodal,1,modeling_phi4_multimodal.py,1,modular_phi4_multimodal.py,0,1,1,1,True,True,True,False,False,modeling_phi4_multimodal.py
phimoe,1,modeling_phimoe.py,1,modular_phimoe.py,0,0,0,0,True,True,True,False,False,modeling_phimoe.py
phobert,0,,0,,1,0,0,0,False,False,False,False,True,
pi0,1,modeling_pi0.py,1,modular_pi0.py,0,1,1,0,True,True,True,False,False,modeling_pi0.py
pix2struct,1,modeling_pix2struct.py,0,,0,1,2,0,True,False,True,False,False,modeling_pix2struct.py
pixio,1,modeling_pixio.py,1,modular_pixio.py,0,0,0,0,True,True,True,False,False,modeling_pixio.py
pixtral,1,modeling_pixtral.py,0,,0,1,2,0,True,False,True,False,False,modeling_pixtral.py
plbart,1,modeling_plbart.py,1,modular_plbart.py,1,0,0,0,True,True,True,False,False,modeling_plbart.py
poolformer,1,modeling_poolformer.py,0,,0,0,2,0,True,False,True,False,False,modeling_poolformer.py
pop2piano,1,modeling_pop2piano.py,0,,1,1,0,1,True,False,True,False,False,modeling_pop2piano.py
pp_chart2table,0,,1,modular_pp_chart2table.py,0,1,2,0,False,True,False,True,False,
pp_doclayout_v2,1,modeling_pp_doclayout_v2.py,1,modular_pp_doclayout_v2.py,0,0,1,0,True,True,True,False,False,modeling_pp_doclayout_v2.py
pp_doclayout_v3,1,modeling_pp_doclayout_v3.py,1,modular_pp_doclayout_v3.py,0,0,1,0,True,True,True,False,False,modeling_pp_doclayout_v3.py
pp_formulanet,1,modeling_pp_formulanet.py,1,modular_pp_formulanet.py,0,1,1,0,True,True,True,False,False,modeling_pp_formulanet.py
pp_lcnet,1,modeling_pp_lcnet.py,1,modular_pp_lcnet.py,0,0,1,0,True,True,True,False,False,modeling_pp_lcnet.py
pp_lcnet_v3,1,modeling_pp_lcnet_v3.py,1,modular_pp_lcnet_v3.py,0,0,0,0,True,True,True,False,False,modeling_pp_lcnet_v3.py
pp_ocrv5_mobile_det,1,modeling_pp_ocrv5_mobile_det.py,1,modular_pp_ocrv5_mobile_det.py,0,0,0,0,True,True,True,False,False,modeling_pp_ocrv5_mobile_det.py
pp_ocrv5_mobile_rec,1,modeling_pp_ocrv5_mobile_rec.py,1,modular_pp_ocrv5_mobile_rec.py,0,0,0,0,True,True,True,False,False,modeling_pp_ocrv5_mobile_rec.py
pp_ocrv5_server_det,1,modeling_pp_ocrv5_server_det.py,1,modular_pp_ocrv5_server_det.py,0,0,1,0,True,True,True,False,False,modeling_pp_ocrv5_server_det.py
pp_ocrv5_server_rec,1,modeling_pp_ocrv5_server_rec.py,1,modular_pp_ocrv5_server_rec.py,0,0,1,0,True,True,True,False,False,modeling_pp_ocrv5_server_rec.py
prompt_depth_anything,1,modeling_prompt_depth_anything.py,1,modular_prompt_depth_anything.py,0,0,2,0,True,True,True,False,False,modeling_prompt_depth_anything.py
prophetnet,1,modeling_prophetnet.py,0,,1,0,0,0,True,False,True,False,False,modeling_prophetnet.py
pvt,1,modeling_pvt.py,0,,0,0,2,0,True,False,True,False,False,modeling_pvt.py
pvt_v2,1,modeling_pvt_v2.py,0,,0,0,0,0,True,False,True,False,False,modeling_pvt_v2.py
qianfan_ocr,1,modeling_qianfan_ocr.py,1,modular_qianfan_ocr.py,0,1,0,0,True,True,True,False,False,modeling_qianfan_ocr.py
qwen2,1,modeling_qwen2.py,1,modular_qwen2.py,1,0,0,0,True,True,True,False,False,modeling_qwen2.py
qwen2_5_omni,1,modeling_qwen2_5_omni.py,1,modular_qwen2_5_omni.py,0,1,0,0,True,True,True,False,False,modeling_qwen2_5_omni.py
qwen2_5_vl,1,modeling_qwen2_5_vl.py,1,modular_qwen2_5_vl.py,0,1,0,0,True,True,True,False,False,modeling_qwen2_5_vl.py
qwen2_audio,1,modeling_qwen2_audio.py,0,,0,1,0,0,True,False,True,False,False,modeling_qwen2_audio.py
qwen2_moe,1,modeling_qwen2_moe.py,1,modular_qwen2_moe.py,0,0,0,0,True,True,True,False,False,modeling_qwen2_moe.py
qwen2_vl,1,modeling_qwen2_vl.py,0,,0,1,2,0,True,False,True,False,False,modeling_qwen2_vl.py
qwen3,1,modeling_qwen3.py,1,modular_qwen3.py,0,0,0,0,True,True,True,False,False,modeling_qwen3.py
qwen3_5,1,modeling_qwen3_5.py,1,modular_qwen3_5.py,1,0,0,0,True,True,True,False,False,modeling_qwen3_5.py
qwen3_5_moe,1,modeling_qwen3_5_moe.py,1,modular_qwen3_5_moe.py,0,0,0,0,True,True,True,False,False,modeling_qwen3_5_moe.py
qwen3_moe,1,modeling_qwen3_moe.py,1,modular_qwen3_moe.py,0,0,0,0,True,True,True,False,False,modeling_qwen3_moe.py
qwen3_next,1,modeling_qwen3_next.py,1,modular_qwen3_next.py,0,0,0,0,True,True,True,False,False,modeling_qwen3_next.py
qwen3_omni_moe,1,modeling_qwen3_omni_moe.py,1,modular_qwen3_omni_moe.py,0,1,0,0,True,True,True,False,False,modeling_qwen3_omni_moe.py
qwen3_vl,1,modeling_qwen3_vl.py,1,modular_qwen3_vl.py,0,1,0,0,True,True,True,False,False,modeling_qwen3_vl.py
qwen3_vl_moe,1,modeling_qwen3_vl_moe.py,1,modular_qwen3_vl_moe.py,0,0,0,0,True,True,True,False,False,modeling_qwen3_vl_moe.py
rag,1,modeling_rag.py,0,,1,0,0,0,True,False,True,False,False,modeling_rag.py
recurrent_gemma,1,modeling_recurrent_gemma.py,0,,0,0,0,0,True,False,True,False,False,modeling_recurrent_gemma.py
reformer,1,modeling_reformer.py,0,,1,0,0,0,True,False,True,False,False,modeling_reformer.py
regnet,1,modeling_regnet.py,0,,0,0,0,0,True,False,True,False,False,modeling_regnet.py
rembert,1,modeling_rembert.py,0,,1,0,0,0,True,False,True,False,False,modeling_rembert.py
resnet,1,modeling_resnet.py,0,,0,0,0,0,True,False,True,False,False,modeling_resnet.py
roberta,1,modeling_roberta.py,1,modular_roberta.py,2,0,0,0,True,True,True,False,False,modeling_roberta.py
roberta_prelayernorm,1,modeling_roberta_prelayernorm.py,0,,0,0,0,0,True,False,True,False,False,modeling_roberta_prelayernorm.py
roc_bert,1,modeling_roc_bert.py,0,,1,0,0,0,True,False,True,False,False,modeling_roc_bert.py
roformer,1,modeling_roformer.py,0,,2,0,0,0,True,False,True,False,False,modeling_roformer.py
rt_detr,2,modeling_rt_detr.py;modeling_rt_detr_resnet.py,1,modular_rt_detr.py,0,0,2,0,True,True,True,False,False,modeling_rt_detr.py;modeling_rt_detr_resnet.py
rt_detr_v2,1,modeling_rt_detr_v2.py,1,modular_rt_detr_v2.py,0,0,0,0,True,True,True,False,False,modeling_rt_detr_v2.py
rwkv,1,modeling_rwkv.py,0,,0,0,0,0,True,False,True,False,False,modeling_rwkv.py
sam,1,modeling_sam.py,0,,0,1,2,0,True,False,True,False,False,modeling_sam.py
sam2,1,modeling_sam2.py,1,modular_sam2.py,0,1,1,0,True,True,True,False,False,modeling_sam2.py
sam2_video,1,modeling_sam2_video.py,1,modular_sam2_video.py,0,1,0,0,True,True,True,False,False,modeling_sam2_video.py
sam3,1,modeling_sam3.py,1,modular_sam3.py,0,1,1,0,True,True,True,False,False,modeling_sam3.py
sam3_lite_text,1,modeling_sam3_lite_text.py,1,modular_sam3_lite_text.py,0,0,0,0,True,True,True,False,False,modeling_sam3_lite_text.py
sam3_tracker,1,modeling_sam3_tracker.py,1,modular_sam3_tracker.py,0,1,0,0,True,True,True,False,False,modeling_sam3_tracker.py
sam3_tracker_video,1,modeling_sam3_tracker_video.py,1,modular_sam3_tracker_video.py,0,1,0,0,True,True,True,False,False,modeling_sam3_tracker_video.py
sam3_video,1,modeling_sam3_video.py,0,,0,1,0,0,True,False,True,False,False,modeling_sam3_video.py
sam_hq,1,modeling_sam_hq.py,1,modular_sam_hq.py,0,1,0,0,True,True,True,False,False,modeling_sam_hq.py
seamless_m4t,1,modeling_seamless_m4t.py,0,,1,1,0,1,True,False,True,False,False,modeling_seamless_m4t.py
seamless_m4t_v2,1,modeling_seamless_m4t_v2.py,0,,0,0,0,0,True,False,True,False,False,modeling_seamless_m4t_v2.py
seed_oss,1,modeling_seed_oss.py,1,modular_seed_oss.py,0,0,0,0,True,True,True,False,False,modeling_seed_oss.py
segformer,1,modeling_segformer.py,1,modular_segformer.py,0,0,2,0,True,True,True,False,False,modeling_segformer.py
seggpt,1,modeling_seggpt.py,0,,0,0,2,0,True,False,True,False,False,modeling_seggpt.py
sew,1,modeling_sew.py,1,modular_sew.py,0,0,0,0,True,True,True,False,False,modeling_sew.py
sew_d,1,modeling_sew_d.py,0,,0,0,0,0,True,False,True,False,False,modeling_sew_d.py
shieldgemma2,1,modeling_shieldgemma2.py,0,,0,1,0,0,True,False,True,False,False,modeling_shieldgemma2.py
siglip,1,modeling_siglip.py,0,,1,1,2,0,True,False,True,False,False,modeling_siglip.py
siglip2,1,modeling_siglip2.py,1,modular_siglip2.py,1,1,2,0,True,True,True,False,False,modeling_siglip2.py
slanet,1,modeling_slanet.py,1,modular_slanet.py,0,0,0,0,True,True,True,False,False,modeling_slanet.py
slanext,1,modeling_slanext.py,1,modular_slanext.py,0,0,1,0,True,True,True,False,False,modeling_slanext.py
smollm3,1,modeling_smollm3.py,1,modular_smollm3.py,0,0,0,0,True,True,True,False,False,modeling_smollm3.py
smolvlm,1,modeling_smolvlm.py,1,modular_smolvlm.py,0,1,2,0,True,True,True,False,False,modeling_smolvlm.py
solar_open,1,modeling_solar_open.py,1,modular_solar_open.py,0,0,0,0,True,True,True,False,False,modeling_solar_open.py
speech_encoder_decoder,1,modeling_speech_encoder_decoder.py,0,,0,0,0,0,True,False,True,False,False,modeling_speech_encoder_decoder.py
speech_to_text,1,modeling_speech_to_text.py,0,,1,1,0,1,True,False,True,False,False,modeling_speech_to_text.py
speecht5,1,modeling_speecht5.py,0,,1,1,0,1,True,False,True,False,False,modeling_speecht5.py
splinter,1,modeling_splinter.py,0,,1,0,0,0,True,False,True,False,False,modeling_splinter.py
squeezebert,1,modeling_squeezebert.py,0,,1,0,0,0,True,False,True,False,False,modeling_squeezebert.py
stablelm,1,modeling_stablelm.py,0,,0,0,0,0,True,False,True,False,False,modeling_stablelm.py
starcoder2,1,modeling_starcoder2.py,1,modular_starcoder2.py,0,0,0,0,True,True,True,False,False,modeling_starcoder2.py
superglue,1,modeling_superglue.py,0,,0,0,2,0,True,False,True,False,False,modeling_superglue.py
superpoint,1,modeling_superpoint.py,0,,0,0,2,0,True,False,True,False,False,modeling_superpoint.py
swiftformer,1,modeling_swiftformer.py,0,,0,0,0,0,True,False,True,False,False,modeling_swiftformer.py
swin,1,modeling_swin.py,0,,0,0,0,0,True,False,True,False,False,modeling_swin.py
swin2sr,1,modeling_swin2sr.py,0,,0,0,2,0,True,False,True,False,False,modeling_swin2sr.py
swinv2,1,modeling_swinv2.py,0,,0,0,0,0,True,False,True,False,False,modeling_swinv2.py
switch_transformers,1,modeling_switch_transformers.py,1,modular_switch_transformers.py,0,0,0,0,True,True,True,False,False,modeling_switch_transformers.py
t5,1,modeling_t5.py,0,,1,0,0,0,True,False,True,False,False,modeling_t5.py
t5gemma,1,modeling_t5gemma.py,1,modular_t5gemma.py,0,0,0,0,True,True,True,False,False,modeling_t5gemma.py
t5gemma2,1,modeling_t5gemma2.py,1,modular_t5gemma2.py,0,0,0,0,True,True,True,False,False,modeling_t5gemma2.py
table_transformer,1,modeling_table_transformer.py,0,,0,0,0,0,True,False,True,False,False,modeling_table_transformer.py
tapas,1,modeling_tapas.py,0,,1,0,0,0,True,False,True,False,False,modeling_tapas.py
textnet,1,modeling_textnet.py,0,,0,0,2,0,True,False,True,False,False,modeling_textnet.py
time_series_transformer,1,modeling_time_series_transformer.py,0,,0,0,0,0,True,False,True,False,False,modeling_time_series_transformer.py
timesfm,1,modeling_timesfm.py,1,modular_timesfm.py,0,0,0,0,True,True,True,False,False,modeling_timesfm.py
timesfm2_5,1,modeling_timesfm2_5.py,1,modular_timesfm2_5.py,0,0,0,0,True,True,True,False,False,modeling_timesfm2_5.py
timesformer,1,modeling_timesformer.py,0,,0,0,0,0,True,False,True,False,False,modeling_timesformer.py
timm_backbone,1,modeling_timm_backbone.py,0,,0,0,0,0,True,False,True,False,False,modeling_timm_backbone.py
timm_wrapper,1,modeling_timm_wrapper.py,0,,0,0,1,0,True,False,True,False,False,modeling_timm_wrapper.py
trocr,1,modeling_trocr.py,0,,0,1,0,0,True,False,True,False,False,modeling_trocr.py
tvp,1,modeling_tvp.py,0,,0,1,2,0,True,False,True,False,False,modeling_tvp.py
udop,1,modeling_udop.py,0,,1,1,0,0,True,False,True,False,False,modeling_udop.py
umt5,1,modeling_umt5.py,0,,0,0,0,0,True,False,True,False,False,modeling_umt5.py
unispeech,1,modeling_unispeech.py,1,modular_unispeech.py,0,0,0,0,True,True,True,False,False,modeling_unispeech.py
unispeech_sat,1,modeling_unispeech_sat.py,1,modular_unispeech_sat.py,0,0,0,0,True,True,True,False,False,modeling_unispeech_sat.py
univnet,1,modeling_univnet.py,0,,0,0,0,1,True,False,True,False,False,modeling_univnet.py
upernet,1,modeling_upernet.py,0,,0,0,0,0,True,False,True,False,False,modeling_upernet.py
uvdoc,1,modeling_uvdoc.py,1,modular_uvdoc.py,0,0,1,0,True,True,True,False,False,modeling_uvdoc.py
vaultgemma,1,modeling_vaultgemma.py,1,modular_vaultgemma.py,0,0,0,0,True,True,True,False,False,modeling_vaultgemma.py
vibevoice_acoustic_tokenizer,1,modeling_vibevoice_acoustic_tokenizer.py,1,modular_vibevoice_acoustic_tokenizer.py,0,0,0,1,True,True,True,False,False,modeling_vibevoice_acoustic_tokenizer.py
vibevoice_asr,1,modeling_vibevoice_asr.py,1,modular_vibevoice_asr.py,0,1,0,0,True,True,True,False,False,modeling_vibevoice_asr.py
video_llama_3,1,modeling_video_llama_3.py,1,modular_video_llama_3.py,0,1,2,0,True,True,True,False,False,modeling_video_llama_3.py
video_llava,1,modeling_video_llava.py,0,,0,1,1,0,True,False,True,False,False,modeling_video_llava.py
videomae,1,modeling_videomae.py,0,,0,0,2,0,True,False,True,False,False,modeling_videomae.py
videomt,1,modeling_videomt.py,1,modular_videomt.py,0,0,0,0,True,True,True,False,False,modeling_videomt.py
vilt,1,modeling_vilt.py,0,,0,1,2,0,True,False,True,False,False,modeling_vilt.py
vipllava,1,modeling_vipllava.py,1,modular_vipllava.py,0,0,0,0,True,True,True,False,False,modeling_vipllava.py
vision_encoder_decoder,1,modeling_vision_encoder_decoder.py,0,,0,0,0,0,True,False,True,False,False,modeling_vision_encoder_decoder.py
vision_text_dual_encoder,1,modeling_vision_text_dual_encoder.py,0,,0,1,0,0,True,False,True,False,False,modeling_vision_text_dual_encoder.py
visual_bert,1,modeling_visual_bert.py,0,,0,0,0,0,True,False,True,False,False,modeling_visual_bert.py
vit,1,modeling_vit.py,0,,0,0,2,0,True,False,True,False,False,modeling_vit.py
vit_mae,1,modeling_vit_mae.py,0,,0,0,0,0,True,False,True,False,False,modeling_vit_mae.py
vit_msn,1,modeling_vit_msn.py,0,,0,0,0,0,True,False,True,False,False,modeling_vit_msn.py
vitdet,1,modeling_vitdet.py,0,,0,0,0,0,True,False,True,False,False,modeling_vitdet.py
vitmatte,1,modeling_vitmatte.py,0,,0,0,2,0,True,False,True,False,False,modeling_vitmatte.py
vitpose,1,modeling_vitpose.py,0,,0,0,2,0,True,False,True,False,False,modeling_vitpose.py
vitpose_backbone,1,modeling_vitpose_backbone.py,0,,0,0,0,0,True,False,True,False,False,modeling_vitpose_backbone.py
vits,1,modeling_vits.py,0,,1,0,0,0,True,False,True,False,False,modeling_vits.py
vivit,1,modeling_vivit.py,0,,0,0,1,0,True,False,True,False,False,modeling_vivit.py
vjepa2,1,modeling_vjepa2.py,0,,0,0,0,0,True,False,True,False,False,modeling_vjepa2.py
voxtral,1,modeling_voxtral.py,1,modular_voxtral.py,0,1,0,0,True,True,True,False,False,modeling_voxtral.py
voxtral_realtime,1,modeling_voxtral_realtime.py,1,modular_voxtral_realtime.py,0,1,0,1,True,True,True,False,False,modeling_voxtral_realtime.py
wav2vec2,1,modeling_wav2vec2.py,0,,1,1,0,1,True,False,True,False,False,modeling_wav2vec2.py
wav2vec2_bert,1,modeling_wav2vec2_bert.py,1,modular_wav2vec2_bert.py,0,1,0,0,True,True,True,False,False,modeling_wav2vec2_bert.py
wav2vec2_conformer,1,modeling_wav2vec2_conformer.py,1,modular_wav2vec2_conformer.py,0,0,0,0,True,True,True,False,False,modeling_wav2vec2_conformer.py
wav2vec2_phoneme,0,,0,,1,0,0,0,False,False,False,False,True,
wav2vec2_with_lm,0,,0,,0,1,0,0,False,False,False,False,True,
wavlm,1,modeling_wavlm.py,1,modular_wavlm.py,0,0,0,0,True,True,True,False,False,modeling_wavlm.py
whisper,1,modeling_whisper.py,0,,1,1,0,1,True,False,True,False,False,modeling_whisper.py
x_clip,1,modeling_x_clip.py,1,modular_x_clip.py,0,1,0,0,True,True,True,False,False,modeling_x_clip.py
xcodec,1,modeling_xcodec.py,0,,0,0,0,0,True,False,True,False,False,modeling_xcodec.py
xglm,1,modeling_xglm.py,0,,1,0,0,0,True,False,True,False,False,modeling_xglm.py
xlm,1,modeling_xlm.py,0,,1,0,0,0,True,False,True,False,False,modeling_xlm.py
xlm_roberta,1,modeling_xlm_roberta.py,1,modular_xlm_roberta.py,1,0,0,0,True,True,True,False,False,modeling_xlm_roberta.py
xlm_roberta_xl,1,modeling_xlm_roberta_xl.py,1,modular_xlm_roberta_xl.py,0,0,0,0,True,True,True,False,False,modeling_xlm_roberta_xl.py
xlnet,1,modeling_xlnet.py,0,,1,0,0,0,True,False,True,False,False,modeling_xlnet.py
xlstm,1,modeling_xlstm.py,0,,0,0,0,0,True,False,True,False,False,modeling_xlstm.py
xmod,1,modeling_xmod.py,0,,0,0,0,0,True,False,True,False,False,modeling_xmod.py
yolos,1,modeling_yolos.py,1,modular_yolos.py,0,0,2,0,True,True,True,False,False,modeling_yolos.py
yoso,1,modeling_yoso.py,0,,0,0,0,0,True,False,True,False,False,modeling_yoso.py
youtu,1,modeling_youtu.py,1,modular_youtu.py,0,0,0,0,True,True,True,False,False,modeling_youtu.py
zamba,1,modeling_zamba.py,0,,0,0,0,0,True,False,True,False,False,modeling_zamba.py
zamba2,1,modeling_zamba2.py,1,modular_zamba2.py,0,0,0,0,True,True,True,False,False,modeling_zamba2.py
zoedepth,1,modeling_zoedepth.py,0,,0,0,2,0,True,False,True,False,False,modeling_zoedepth.py
