hf_folder,modeling_file,architecture_classes,modality,family,support_status,mapped_kb_nano,partial_or_unsupported_ops,evidence_hf,notes
rag,rag/modeling_rag.py,RagModel;RagPreTrainedModel;RagSequenceForGeneration;RagTokenForGeneration,text,encoder-decoder-wrapper,composable,batch_matmul->tasks/baseline/L1/bmm.py:BatchMatMul,,modeling_rag.py:1524;modeling_rag.py:558;modeling_rag.py:576,Wraps generator (BART) and question encoder; itself only does logits combine via batch_matmul + log_softmax.
recurrent_gemma,recurrent_gemma/modeling_recurrent_gemma.py,RecurrentGemmaForCausalLM;RecurrentGemmaModel;RecurrentGemmaPreTrainedModel,text,hybrid (RG-LRU SSM + attention),partial,linear->tasks/baseline/L1/linear.py:Linear;embedding->tasks/baseline/L1/embedding.py:Embedding;sdpa->tasks/baseline/L1/dense_attention.py:DenseAttention;kv_cache->tasks/baseline/L1/store_kvcache.py:StoreKVCache;rotary_pos_emb->tasks/baseline/L1/rotary_emb.py:RotaryEmbedding;tanh->tasks/baseline/L1/tanh.py:Tanh;sigmoid->tasks/baseline/L1/sigmoid.py:Sigmoid;conv1d->tasks/baseline/L1/conv1d.py:Conv1d,rg_lru_scan(no kb-nano L1 RG-LRU recurrent kernel; eager torch fallback),modeling_recurrent_gemma.py:267;modeling_recurrent_gemma.py:378;modeling_recurrent_gemma.py:443,RecurrentGemmaRglru is a custom recurrent linear unit (SSM-style scan); kb-nano lacks an exact RG-LRU L1 kernel - falls back to torch eager scan. Attention path is composable.
reformer,reformer/modeling_reformer.py,ReformerForMaskedLM;ReformerForQuestionAnswering;ReformerForSequenceClassification;ReformerModel;ReformerModelWithLMHead;ReformerPreTrainedModel,text,decoder-only (LSH/local self-attention),unsupported,linear->tasks/baseline/L1/linear.py:Linear;embedding->tasks/baseline/L1/embedding.py:Embedding;layer_norm->tasks/baseline/L1/layer_norm.py:LayerNorm;matmul->tasks/baseline/L1/linear.py:Matmul;tanh->tasks/baseline/L1/tanh.py:Tanh;dropout->tasks/baseline/L1/dropout.py:Dropout,lsh_self_attention(no kb-nano kernel for hash-bucket attention);local_self_attention(custom chunked attention without standard SDPA mapping),modeling_reformer.py:428;modeling_reformer.py:1342;modeling_reformer.py:ACT2FN['__dynamic__'],"LSHSelfAttention/LocalSelfAttention use hash-based bucketing + sort + chunk attention (modeling_reformer.py:405,1099). No kb-nano kernel; not expressible as standard SDPA."
regnet,regnet/modeling_regnet.py,RegNetForImageClassification;RegNetModel;RegNetPreTrainedModel,vision,CNN backbone,partial,linear->tasks/baseline/L1/linear.py:Linear;relu->tasks/baseline/L1/relu.py:ReLU;sigmoid->tasks/baseline/L1/sigmoid.py:Sigmoid;conv2d->tasks/baseline/L1/conv2d.py:Conv2d;batch_norm_2d->tasks/baseline/L1/batch_norm2d.py:BatchNorm2d,adaptive_avg_pool_2d(no L1 adaptive_avg_pool_2d (torch.nn fallback)),modeling_regnet.py:345;modeling_regnet.py:47;modeling_regnet.py:ACT2FN['__dynamic__'],RegNet head uses adaptive_avg_pool_2d (no L1 kernel; torch.nn fallback per kb-nano convention).
rembert,rembert/modeling_rembert.py,RemBertForCausalLM;RemBertForMaskedLM;RemBertForMultipleChoice;RemBertForQuestionAnswering;RemBertForSequenceClassification;RemBertForTokenClassification;RemBertModel;RemBertPreTrainedModel,text,encoder,composable,linear->tasks/baseline/L1/linear.py:Linear;embedding->tasks/baseline/L1/embedding.py:Embedding;layer_norm->tasks/baseline/L1/layer_norm.py:LayerNorm;softmax->tasks/baseline/L1/softmax.py:Softmax;matmul->tasks/baseline/L1/linear.py:Matmul;kv_cache->tasks/baseline/L1/store_kvcache.py:StoreKVCache;tanh->tasks/baseline/L1/tanh.py:Tanh;encoder_decoder_cache->tasks/baseline/L4/recurrent_cache.py:RecurrentCache,,modeling_rembert.py:102;modeling_rembert.py:57;modeling_rembert.py:ACT2FN['__dynamic__'],BERT-like encoder; standard ops only.
resnet,resnet/modeling_resnet.py,ResNetBackbone;ResNetForImageClassification;ResNetModel;ResNetPreTrainedModel,vision,CNN backbone,partial,linear->tasks/baseline/L1/linear.py:Linear;conv2d->tasks/baseline/L1/conv2d.py:Conv2d;batch_norm_2d->tasks/baseline/L1/batch_norm2d.py:BatchNorm2d;max_pool_2d->tasks/baseline/L1/max_pool2d.py:MaxPool2d,adaptive_avg_pool_2d(no L1 adaptive_avg_pool_2d (torch.nn fallback)),modeling_resnet.py:332;modeling_resnet.py:44;modeling_resnet.py:ACT2FN['__dynamic__'],ResNet head uses adaptive_avg_pool_2d (no L1 kernel; torch.nn fallback).
roberta,roberta/modeling_roberta.py,RobertaForCausalLM;RobertaForMaskedLM;RobertaForMultipleChoice;RobertaForQuestionAnswering;RobertaForSequenceClassification;RobertaForTokenClassification;RobertaModel;RobertaPreTrainedModel,text,encoder,composable,linear->tasks/baseline/L1/linear.py:Linear;embedding->tasks/baseline/L1/embedding.py:Embedding;layer_norm->tasks/baseline/L1/layer_norm.py:LayerNorm;softmax->tasks/baseline/L1/softmax.py:Softmax;matmul->tasks/baseline/L1/linear.py:Matmul;kv_cache->tasks/baseline/L1/store_kvcache.py:StoreKVCache;tanh->tasks/baseline/L1/tanh.py:Tanh;encoder_decoder_cache->tasks/baseline/L4/recurrent_cache.py:RecurrentCache,,modeling_roberta.py:205;modeling_roberta.py:64;modeling_roberta.py:ACT2FN['__dynamic__'],BERT-like encoder; identical primitive set to BERT (pilot).
roberta_prelayernorm,roberta_prelayernorm/modeling_roberta_prelayernorm.py,RobertaPreLayerNormForCausalLM;RobertaPreLayerNormForMaskedLM;RobertaPreLayerNormForMultipleChoice;RobertaPreLayerNormForQuestionAnswering;RobertaPreLayerNormForSequenceClassification;RobertaPreLayerNormForTokenClassification;RobertaPreLayerNormModel;RobertaPreLayerNormPreTrainedModel,text,encoder,composable,linear->tasks/baseline/L1/linear.py:Linear;embedding->tasks/baseline/L1/embedding.py:Embedding;layer_norm->tasks/baseline/L1/layer_norm.py:LayerNorm;softmax->tasks/baseline/L1/softmax.py:Softmax;matmul->tasks/baseline/L1/linear.py:Matmul;kv_cache->tasks/baseline/L1/store_kvcache.py:StoreKVCache;tanh->tasks/baseline/L1/tanh.py:Tanh;encoder_decoder_cache->tasks/baseline/L4/recurrent_cache.py:RecurrentCache,,modeling_roberta_prelayernorm.py:203;modeling_roberta_prelayernorm.py:60;modeling_roberta_prelayernorm.py:ACT2FN['__dynamic__'],Roberta variant with pre-LayerNorm; same primitives.
roc_bert,roc_bert/modeling_roc_bert.py,RoCBertForCausalLM;RoCBertForMaskedLM;RoCBertForMultipleChoice;RoCBertForPreTraining;RoCBertForQuestionAnswering;RoCBertForSequenceClassification;RoCBertForTokenClassification;RoCBertModel;RoCBertPreTrainedModel,text,encoder,composable,linear->tasks/baseline/L1/linear.py:Linear;embedding->tasks/baseline/L1/embedding.py:Embedding;layer_norm->tasks/baseline/L1/layer_norm.py:LayerNorm;softmax->tasks/baseline/L1/softmax.py:Softmax;matmul->tasks/baseline/L1/linear.py:Matmul;kv_cache->tasks/baseline/L1/store_kvcache.py:StoreKVCache;tanh->tasks/baseline/L1/tanh.py:Tanh;encoder_decoder_cache->tasks/baseline/L4/recurrent_cache.py:RecurrentCache,,modeling_roc_bert.py:222;modeling_roc_bert.py:80;modeling_roc_bert.py:ACT2FN['__dynamic__'],RoCBERT (Chinese spelling robust BERT) — adds shape/pronounciation embeddings on top of BERT primitives.
roformer,roformer/modeling_roformer.py,RoFormerForCausalLM;RoFormerForMaskedLM;RoFormerForMultipleChoice;RoFormerForQuestionAnswering;RoFormerForSequenceClassification;RoFormerForTokenClassification;RoFormerModel;RoFormerPreTrainedModel,text,encoder,composable,linear->tasks/baseline/L1/linear.py:Linear;embedding->tasks/baseline/L1/embedding.py:Embedding;layer_norm->tasks/baseline/L1/layer_norm.py:LayerNorm;softmax->tasks/baseline/L1/softmax.py:Softmax;matmul->tasks/baseline/L1/linear.py:Matmul;kv_cache->tasks/baseline/L1/store_kvcache.py:StoreKVCache;encoder_decoder_cache->tasks/baseline/L4/recurrent_cache.py:RecurrentCache;dropout->tasks/baseline/L1/dropout.py:Dropout,,modeling_roformer.py:127;modeling_roformer.py:90;modeling_roformer.py:ACT2FN['__dynamic__'],RoFormer uses sinusoidal RoPE applied via torch ops; standard encoder otherwise.
rt_detr_v2,rt_detr_v2/modeling_rt_detr_v2.py,RTDetrV2Decoder;RTDetrV2ForObjectDetection;RTDetrV2HybridEncoder;RTDetrV2Model;RTDetrV2PreTrainedModel,detection,hybrid encoder-decoder + deformable attention,kb_nano_l4,linear->tasks/baseline/L1/linear.py:Linear;embedding->tasks/baseline/L1/embedding.py:Embedding;layer_norm->tasks/baseline/L1/layer_norm.py:LayerNorm;softmax->tasks/baseline/L1/softmax.py:Softmax;matmul->tasks/baseline/L1/linear.py:Matmul;relu->tasks/baseline/L1/relu.py:ReLU;sigmoid->tasks/baseline/L1/sigmoid.py:Sigmoid;conv2d->tasks/baseline/L1/conv2d.py:Conv2d,grid_sample(no L1 grid_sample; torch.nn.functional fallback - composed inside L1 deformable_attention only),modeling_rt_detr_v2.py:152;modeling_rt_detr_v2.py:353;modeling_rt_detr_v2.py:823,L4 pipeline tasks/baseline/L4/rtdetrv2.py covers RT-DETR-v2 directly.
rwkv,rwkv/modeling_rwkv.py,RwkvForCausalLM;RwkvModel;RwkvPreTrainedModel,text,recurrent (RWKV v4 wkv linear attention),unsupported,linear->tasks/baseline/L1/linear.py:Linear;embedding->tasks/baseline/L1/embedding.py:Embedding;layer_norm->tasks/baseline/L1/layer_norm.py:LayerNorm;relu->tasks/baseline/L1/relu.py:ReLU;sigmoid->tasks/baseline/L1/sigmoid.py:Sigmoid,wkv_linear_attention_v4(custom CUDA kernel; kb-nano has v7 only - chunk_rwkv7/fused_recurrent_rwkv7),modeling_rwkv.py:242;modeling_rwkv.py:334;modeling_rwkv.py:103,"RWKV v4 uses a custom WKV CUDA kernel (modeling_rwkv.py:42-214); kb-nano has chunk_rwkv7/fused_recurrent_rwkv7 (v7 only), not v4 wkv."
sam,sam/modeling_sam.py,SamModel;SamPreTrainedModel;SamVisionEncoder;SamVisionModel,multimodal,segmentation (vision encoder + prompt encoder + mask decoder),partial,linear->tasks/baseline/L1/linear.py:Linear;embedding->tasks/baseline/L1/embedding.py:Embedding;layer_norm->tasks/baseline/L1/layer_norm.py:LayerNorm;softmax->tasks/baseline/L1/softmax.py:Softmax;sdpa->tasks/baseline/L1/dense_attention.py:DenseAttention;matmul->tasks/baseline/L1/linear.py:Matmul;gelu->tasks/baseline/L1/gelu.py:GELU;relu->tasks/baseline/L1/relu.py:ReLU,conv_transpose2d(no L1 conv_transpose2d (torch.nn fallback)),modeling_sam.py:135;modeling_sam.py:294;modeling_sam.py:116,Mask decoder uses ConvTranspose2d (modeling_sam.py upsampling). Same convention as kb-nano sam3_mask_decoder uses torch.nn directly.
sam2,sam2/modeling_sam2.py,Sam2HieraDetModel;Sam2Model;Sam2PreTrainedModel;Sam2VisionModel,multimodal,segmentation (video-capable),partial,linear->tasks/baseline/L1/linear.py:Linear;embedding->tasks/baseline/L1/embedding.py:Embedding;layer_norm->tasks/baseline/L1/layer_norm.py:LayerNorm;softmax->tasks/baseline/L1/softmax.py:Softmax;sdpa->tasks/baseline/L1/dense_attention.py:DenseAttention;matmul->tasks/baseline/L1/linear.py:Matmul;gelu->tasks/baseline/L1/gelu.py:GELU;sigmoid->tasks/baseline/L1/sigmoid.py:Sigmoid,conv_transpose2d(no L1 conv_transpose2d (torch.nn fallback)),modeling_sam2.py:302;modeling_sam2.py:458;modeling_sam2.py:138,Mask decoder uses ConvTranspose2d via torch.nn (no L1 kernel).
sam2_video,sam2_video/modeling_sam2_video.py,Sam2VideoModel;Sam2VideoPreTrainedModel,multimodal,video segmentation,partial,linear->tasks/baseline/L1/linear.py:Linear;embedding->tasks/baseline/L1/embedding.py:Embedding;layer_norm->tasks/baseline/L1/layer_norm.py:LayerNorm;softmax->tasks/baseline/L1/softmax.py:Softmax;sdpa->tasks/baseline/L1/dense_attention.py:DenseAttention;matmul->tasks/baseline/L1/linear.py:Matmul;gelu->tasks/baseline/L1/gelu.py:GELU;sigmoid->tasks/baseline/L1/sigmoid.py:Sigmoid,conv_transpose2d(no L1 conv_transpose2d (torch.nn fallback)),modeling_sam2_video.py:456;modeling_sam2_video.py:527;modeling_sam2_video.py:1003,Mask decoder uses ConvTranspose2d via torch.nn (no L1 kernel).
sam3,sam3/modeling_sam3.py,Sam3DetrDecoder;Sam3DetrEncoder;Sam3MaskDecoder;Sam3Model;Sam3PreTrainedModel;Sam3ViTModel;Sam3VisionModel,multimodal,open-vocabulary segmentation,kb_nano_l4,linear->tasks/baseline/L1/linear.py:Linear;embedding->tasks/baseline/L1/embedding.py:Embedding;layer_norm->tasks/baseline/L1/layer_norm.py:LayerNorm;softmax->tasks/baseline/L1/softmax.py:Softmax;sdpa->tasks/baseline/L1/dense_attention.py:DenseAttention;matmul->tasks/baseline/L1/linear.py:Matmul;gelu->tasks/baseline/L1/gelu.py:GELU;relu->tasks/baseline/L1/relu.py:ReLU,conv_transpose2d(no L1 conv_transpose2d (torch.nn fallback)),modeling_sam3.py:286;modeling_sam3.py:726;modeling_sam3.py:562,L4 pipeline tasks/baseline/L4/sam3.py covers SAM3.
sam3_lite_text,sam3_lite_text/modeling_sam3_lite_text.py,Sam3LiteTextDetrDecoder;Sam3LiteTextDetrEncoder;Sam3LiteTextMaskDecoder;Sam3LiteTextModel;Sam3LiteTextPreTrainedModel;Sam3LiteTextTextModel,multimodal,open-vocabulary text encoder (mobile),composable,linear->tasks/baseline/L1/linear.py:Linear;embedding->tasks/baseline/L1/embedding.py:Embedding;layer_norm->tasks/baseline/L1/layer_norm.py:LayerNorm;softmax->tasks/baseline/L1/softmax.py:Softmax;sdpa->tasks/baseline/L1/dense_attention.py:DenseAttention;matmul->tasks/baseline/L1/linear.py:Matmul;relu->tasks/baseline/L1/relu.py:ReLU;sigmoid->tasks/baseline/L1/sigmoid.py:Sigmoid,,modeling_sam3_lite_text.py:239;modeling_sam3_lite_text.py:299;modeling_sam3_lite_text.py:98,Lite text encoder; standard ops + create_bidirectional_mask helper. Reuses SAM3 building blocks.
sam3_tracker,sam3_tracker/modeling_sam3_tracker.py,Sam3TrackerModel;Sam3TrackerPreTrainedModel,multimodal,video object tracker,kb_nano_l4,linear->tasks/baseline/L1/linear.py:Linear;embedding->tasks/baseline/L1/embedding.py:Embedding;layer_norm->tasks/baseline/L1/layer_norm.py:LayerNorm;softmax->tasks/baseline/L1/softmax.py:Softmax;sdpa->tasks/baseline/L1/dense_attention.py:DenseAttention;matmul->tasks/baseline/L1/linear.py:Matmul;gelu->tasks/baseline/L1/gelu.py:GELU;sigmoid->tasks/baseline/L1/sigmoid.py:Sigmoid,conv_transpose2d(no L1 conv_transpose2d (torch.nn fallback)),modeling_sam3_tracker.py:94;modeling_sam3_tracker.py:402;modeling_sam3_tracker.py:175,L4 pipeline tasks/baseline/L4/sam3_tracker.py exists.
sam3_tracker_video,sam3_tracker_video/modeling_sam3_tracker_video.py,Sam3TrackerVideoModel;Sam3TrackerVideoPreTrainedModel,multimodal,video object tracker (video extension),partial,linear->tasks/baseline/L1/linear.py:Linear;embedding->tasks/baseline/L1/embedding.py:Embedding;layer_norm->tasks/baseline/L1/layer_norm.py:LayerNorm;softmax->tasks/baseline/L1/softmax.py:Softmax;sdpa->tasks/baseline/L1/dense_attention.py:DenseAttention;matmul->tasks/baseline/L1/linear.py:Matmul;gelu->tasks/baseline/L1/gelu.py:GELU;sigmoid->tasks/baseline/L1/sigmoid.py:Sigmoid,conv_transpose2d(no L1 conv_transpose2d (torch.nn fallback)),modeling_sam3_tracker_video.py:461;modeling_sam3_tracker_video.py:532;modeling_sam3_tracker_video.py:1008,Inherits SAM3 tracker primitives + video-time aggregation; ConvTranspose2d in mask decoder via torch.nn fallback.
sam3_video,sam3_video/modeling_sam3_video.py,Sam3VideoModel;Sam3VideoPreTrainedModel,multimodal,video segmentation orchestrator,kb_nano_l4,sigmoid->tasks/baseline/L1/sigmoid.py:Sigmoid;pad->tasks/baseline/L1/tensor_ops.py:Pad,,modeling_sam3_video.py:1129;modeling_sam3_video.py:778;modeling_sam3_video.py:1127,L4 pipeline tasks/baseline/L4/sam3_video.py exists.
sam_hq,sam_hq/modeling_sam_hq.py,SamHQModel;SamHQPreTrainedModel;SamHQVisionEncoder;SamHQVisionModel,multimodal,high-quality segmentation,partial,linear->tasks/baseline/L1/linear.py:Linear;embedding->tasks/baseline/L1/embedding.py:Embedding;layer_norm->tasks/baseline/L1/layer_norm.py:LayerNorm;softmax->tasks/baseline/L1/softmax.py:Softmax;sdpa->tasks/baseline/L1/dense_attention.py:DenseAttention;matmul->tasks/baseline/L1/linear.py:Matmul;gelu->tasks/baseline/L1/gelu.py:GELU;relu->tasks/baseline/L1/relu.py:ReLU,conv_transpose2d(no L1 conv_transpose2d (torch.nn fallback)),modeling_sam_hq.py:141;modeling_sam_hq.py:332;modeling_sam_hq.py:479,SAM-HQ extends SAM with high-res tokens; uses ConvTranspose2d in mask decoder (no L1 kernel).
seamless_m4t,seamless_m4t/modeling_seamless_m4t.py,SeamlessM4TCodeHifiGan;SeamlessM4TDecoder;SeamlessM4TEncoder;SeamlessM4TForSpeechToSpeech;SeamlessM4TForSpeechToText;SeamlessM4TForTextToSpeech;SeamlessM4TForTextToText;SeamlessM4TModel;SeamlessM4TPreTrainedModel;SeamlessM4TSpeechEncoder;SeamlessM4TTextToUnitForConditionalGeneration;SeamlessM4TTextToUnitModel,audio+text,multimodal speech-to-text/text-to-speech,partial,linear->tasks/baseline/L1/linear.py:Linear;embedding->tasks/baseline/L1/embedding.py:Embedding;layer_norm->tasks/baseline/L1/layer_norm.py:LayerNorm;softmax->tasks/baseline/L1/softmax.py:Softmax;matmul->tasks/baseline/L1/linear.py:Matmul;batch_matmul->tasks/baseline/L1/bmm.py:BatchMatMul;kv_cache->tasks/baseline/L1/store_kvcache.py:StoreKVCache;relu->tasks/baseline/L1/relu.py:ReLU,conv_transpose1d(no L1 conv_transpose1d (torch.nn fallback));leaky_relu(no L1 leaky_relu (torch fallback));batch_norm_1d(no L1 batch_norm_1d (torch.nn fallback)),modeling_seamless_m4t.py:344;modeling_seamless_m4t.py:343;modeling_seamless_m4t.py:201,HiFi-GAN vocoder uses conv_transpose1d + leaky_relu + batch_norm_1d (no L1 kernels). Text encoder/decoder paths are composable.
seamless_m4t_v2,seamless_m4t_v2/modeling_seamless_m4t_v2.py,SeamlessM4Tv2CodeHifiGan;SeamlessM4Tv2Decoder;SeamlessM4Tv2Encoder;SeamlessM4Tv2ForSpeechToSpeech;SeamlessM4Tv2ForSpeechToText;SeamlessM4Tv2ForTextToSpeech;SeamlessM4Tv2ForTextToText;SeamlessM4Tv2Model;SeamlessM4Tv2PreTrainedModel;SeamlessM4Tv2SpeechEncoder;SeamlessM4Tv2TextToUnitDecoder;SeamlessM4Tv2TextToUnitForConditionalGeneration;SeamlessM4Tv2TextToUnitModel,audio+text,multimodal speech translation v2,partial,linear->tasks/baseline/L1/linear.py:Linear;embedding->tasks/baseline/L1/embedding.py:Embedding;layer_norm->tasks/baseline/L1/layer_norm.py:LayerNorm;softmax->tasks/baseline/L1/softmax.py:Softmax;matmul->tasks/baseline/L1/linear.py:Matmul;kv_cache->tasks/baseline/L1/store_kvcache.py:StoreKVCache;relu->tasks/baseline/L1/relu.py:ReLU;tanh->tasks/baseline/L1/tanh.py:Tanh,conv_transpose1d(no L1 conv_transpose1d (torch.nn fallback));leaky_relu(no L1 leaky_relu (torch fallback)),modeling_seamless_m4t_v2.py:254;modeling_seamless_m4t_v2.py:253;modeling_seamless_m4t_v2.py:299,Same as v1: vocoder uses conv_transpose1d + leaky_relu (no L1 kernels).
seed_oss,seed_oss/modeling_seed_oss.py,SeedOssForCausalLM;SeedOssForQuestionAnswering;SeedOssForSequenceClassification;SeedOssForTokenClassification;SeedOssModel;SeedOssPreTrainedModel,text,decoder-only LLM,composable,linear->tasks/baseline/L1/linear.py:Linear;embedding->tasks/baseline/L1/embedding.py:Embedding;softmax->tasks/baseline/L1/softmax.py:Softmax;matmul->tasks/baseline/L1/linear.py:Matmul;kv_cache->tasks/baseline/L1/store_kvcache.py:StoreKVCache;rotary_pos_emb->tasks/baseline/L1/rotary_emb.py:RotaryEmbedding;dropout->tasks/baseline/L1/dropout.py:Dropout,,modeling_seed_oss.py:75;modeling_seed_oss.py:ACT2FN['__dynamic__'];modeling_seed_oss.py:397,Llama-style decoder-only with RoPE + RMSNorm + SDPA + KV cache.
segformer,segformer/modeling_segformer.py,SegformerForImageClassification;SegformerForSemanticSegmentation;SegformerModel;SegformerPreTrainedModel,vision,segmentation transformer,composable,linear->tasks/baseline/L1/linear.py:Linear;layer_norm->tasks/baseline/L1/layer_norm.py:LayerNorm;softmax->tasks/baseline/L1/softmax.py:Softmax;matmul->tasks/baseline/L1/linear.py:Matmul;relu->tasks/baseline/L1/relu.py:ReLU;conv2d->tasks/baseline/L1/conv2d.py:Conv2d;batch_norm_2d->tasks/baseline/L1/batch_norm2d.py:BatchNorm2d;interpolate->tasks/baseline/L1/interpolate.py:Interpolate,,modeling_segformer.py:133;modeling_segformer.py:103;modeling_segformer.py:95,Hierarchical encoder + lightweight decoder; standard primitives. No conv_transpose used (uses interpolate + Linear).
seggpt,seggpt/modeling_seggpt.py,SegGptForImageSegmentation;SegGptModel;SegGptPreTrainedModel,vision,in-context segmentation transformer,composable,linear->tasks/baseline/L1/linear.py:Linear;layer_norm->tasks/baseline/L1/layer_norm.py:LayerNorm;softmax->tasks/baseline/L1/softmax.py:Softmax;conv2d->tasks/baseline/L1/conv2d.py:Conv2d;interpolate->tasks/baseline/L1/interpolate.py:Interpolate;dropout->tasks/baseline/L1/dropout.py:Dropout,,modeling_seggpt.py:224;modeling_seggpt.py:403;modeling_seggpt.py:108,ViT-style encoder/decoder with einsum-based attention pooling; standard primitives.
sew,sew/modeling_sew.py,SEWForCTC;SEWForSequenceClassification;SEWModel;SEWPreTrainedModel,audio,wav2vec-style encoder,partial,linear->tasks/baseline/L1/linear.py:Linear;layer_norm->tasks/baseline/L1/layer_norm.py:LayerNorm;softmax->tasks/baseline/L1/softmax.py:Softmax;matmul->tasks/baseline/L1/linear.py:Matmul;conv1d->tasks/baseline/L1/conv1d.py:Conv1d;group_norm->tasks/baseline/L1/group_norm.py:GroupNorm;dropout->tasks/baseline/L1/dropout.py:Dropout;pad->tasks/baseline/L1/tensor_ops.py:Pad,avg_pool_1d(no L1 avg_pool_1d (torch.nn fallback)),modeling_sew.py:175;modeling_sew.py:80;modeling_sew.py:52,Uses avg_pool_1d (no L1 kernel; torch.nn fallback). CTC loss is training-only.
sew_d,sew_d/modeling_sew_d.py,SEWDForCTC;SEWDForSequenceClassification;SEWDModel;SEWDPreTrainedModel,audio,wav2vec-style encoder (DeBERTa-style attention),partial,linear->tasks/baseline/L1/linear.py:Linear;embedding->tasks/baseline/L1/embedding.py:Embedding;layer_norm->tasks/baseline/L1/layer_norm.py:LayerNorm;softmax->tasks/baseline/L1/softmax.py:Softmax;batch_matmul->tasks/baseline/L1/bmm.py:BatchMatMul;conv1d->tasks/baseline/L1/conv1d.py:Conv1d;group_norm->tasks/baseline/L1/group_norm.py:GroupNorm;dropout->tasks/baseline/L1/dropout.py:Dropout,avg_pool_1d(no L1 avg_pool_1d (torch.nn fallback)),modeling_sew_d.py:373;modeling_sew_d.py:274;modeling_sew_d.py:245,Uses avg_pool_1d (no L1 kernel).
shieldgemma2,shieldgemma2/modeling_shieldgemma2.py,ShieldGemma2ForImageClassification,multimodal,wrapper (Gemma3 image-text classifier),composable,softmax->tasks/baseline/L1/softmax.py:Softmax,,modeling_shieldgemma2.py:123,Wraps AutoModelForImageTextToText.from_config; itself only does softmax over logits. Underlying Gemma3 model coverage applies.
siglip,siglip/modeling_siglip.py,SiglipForImageClassification;SiglipModel;SiglipPreTrainedModel;SiglipTextModel;SiglipVisionModel,multimodal,CLIP-like vision-text encoder,composable,linear->tasks/baseline/L1/linear.py:Linear;embedding->tasks/baseline/L1/embedding.py:Embedding;layer_norm->tasks/baseline/L1/layer_norm.py:LayerNorm;softmax->tasks/baseline/L1/softmax.py:Softmax;matmul->tasks/baseline/L1/linear.py:Matmul;log_sigmoid->tasks/baseline/L1/log_sigmoid.py:LogSigmoid;conv2d->tasks/baseline/L1/conv2d.py:Conv2d;interpolate->tasks/baseline/L1/interpolate.py:Interpolate,,modeling_siglip.py:270;modeling_siglip.py:331;modeling_siglip.py:124,SigLIP uses sigmoid-loss CLIP; vision/text towers are standard ViT/encoder. nn.MultiheadAttention head pooling reduces to SDPA.
siglip2,siglip2/modeling_siglip2.py,Siglip2ForImageClassification;Siglip2Model;Siglip2PreTrainedModel;Siglip2TextModel;Siglip2VisionModel,multimodal,CLIP-like vision-text encoder v2,kb_nano_l4,linear->tasks/baseline/L1/linear.py:Linear;embedding->tasks/baseline/L1/embedding.py:Embedding;layer_norm->tasks/baseline/L1/layer_norm.py:LayerNorm;softmax->tasks/baseline/L1/softmax.py:Softmax;matmul->tasks/baseline/L1/linear.py:Matmul;log_sigmoid->tasks/baseline/L1/log_sigmoid.py:LogSigmoid;interpolate->tasks/baseline/L1/interpolate.py:Interpolate;dropout->tasks/baseline/L1/dropout.py:Dropout,,modeling_siglip2.py:121;modeling_siglip2.py:359;modeling_siglip2.py:ACT2FN['__dynamic__'],L4 pipeline tasks/baseline/L4/siglip2.py exists.
slanet,slanet/modeling_slanet.py,SLANetBackbone;SLANetForTableRecognition;SLANetPreTrainedModel;SLANetSLAHead,vision,table structure recognition (PP-StructureV2),composable,linear->tasks/baseline/L1/linear.py:Linear;softmax->tasks/baseline/L1/softmax.py:Softmax;matmul->tasks/baseline/L1/linear.py:Matmul;tanh->tasks/baseline/L1/tanh.py:Tanh;conv2d->tasks/baseline/L1/conv2d.py:Conv2d;batch_norm_2d->tasks/baseline/L1/batch_norm2d.py:BatchNorm2d;interpolate->tasks/baseline/L1/interpolate.py:Interpolate;one_hot->tasks/baseline/L1/tensor_ops.py:OneHot,,modeling_slanet.py:96;modeling_slanet.py:202;modeling_slanet.py:ACT2FN['__dynamic__'],CSP backbone + decoder; standard CNN ops + Linear/MatMul. Uses upsample (=interpolate).
slanext,slanext/modeling_slanext.py,SLANeXtBackbone;SLANeXtForTableRecognition;SLANeXtPreTrainedModel;SLANeXtSLAHead;SLANeXtVisionEncoder,vision,SLA-Next table recognition,composable,linear->tasks/baseline/L1/linear.py:Linear;layer_norm->tasks/baseline/L1/layer_norm.py:LayerNorm;softmax->tasks/baseline/L1/softmax.py:Softmax;matmul->tasks/baseline/L1/linear.py:Matmul;tanh->tasks/baseline/L1/tanh.py:Tanh;conv2d->tasks/baseline/L1/conv2d.py:Conv2d;interpolate->tasks/baseline/L1/interpolate.py:Interpolate;dropout->tasks/baseline/L1/dropout.py:Dropout,,modeling_slanext.py:59;modeling_slanext.py:286;modeling_slanext.py:405,Successor to SLANet; standard CNN+transformer primitives.
smollm3,smollm3/modeling_smollm3.py,SmolLM3ForCausalLM;SmolLM3ForQuestionAnswering;SmolLM3ForSequenceClassification;SmolLM3ForTokenClassification;SmolLM3Model;SmolLM3PreTrainedModel,text,decoder-only LLM,composable,linear->tasks/baseline/L1/linear.py:Linear;embedding->tasks/baseline/L1/embedding.py:Embedding;softmax->tasks/baseline/L1/softmax.py:Softmax;matmul->tasks/baseline/L1/linear.py:Matmul;kv_cache->tasks/baseline/L1/store_kvcache.py:StoreKVCache;rotary_pos_emb->tasks/baseline/L1/rotary_emb.py:RotaryEmbedding;dropout->tasks/baseline/L1/dropout.py:Dropout,,modeling_smollm3.py:198;modeling_smollm3.py:ACT2FN['__dynamic__'];modeling_smollm3.py:403,Llama-style; standard decoder-only primitives.
smolvlm,smolvlm/modeling_smolvlm.py,SmolVLMForConditionalGeneration;SmolVLMModel;SmolVLMPreTrainedModel;SmolVLMVisionTransformer,multimodal,small vision-language model,composable,linear->tasks/baseline/L1/linear.py:Linear;embedding->tasks/baseline/L1/embedding.py:Embedding;layer_norm->tasks/baseline/L1/layer_norm.py:LayerNorm;softmax->tasks/baseline/L1/softmax.py:Softmax;matmul->tasks/baseline/L1/linear.py:Matmul;kv_cache->tasks/baseline/L1/store_kvcache.py:StoreKVCache;conv2d->tasks/baseline/L1/conv2d.py:Conv2d;dropout->tasks/baseline/L1/dropout.py:Dropout,,modeling_smolvlm.py:178;modeling_smolvlm.py:240;modeling_smolvlm.py:79,Vision encoder + text decoder; standard primitives.
solar_open,solar_open/modeling_solar_open.py,SolarOpenForCausalLM;SolarOpenModel;SolarOpenPreTrainedModel,text,decoder-only LLM (Solar),composable,linear->tasks/baseline/L1/linear.py:Linear;embedding->tasks/baseline/L1/embedding.py:Embedding;softmax->tasks/baseline/L1/softmax.py:Softmax;matmul->tasks/baseline/L1/linear.py:Matmul;kv_cache->tasks/baseline/L1/store_kvcache.py:StoreKVCache;rotary_pos_emb->tasks/baseline/L1/rotary_emb.py:RotaryEmbedding;sigmoid->tasks/baseline/L1/sigmoid.py:Sigmoid;dropout->tasks/baseline/L1/dropout.py:Dropout,,modeling_solar_open.py:97;modeling_solar_open.py:ACT2FN['__dynamic__'];modeling_solar_open.py:520,Llama-style decoder-only; standard primitives.
speech_encoder_decoder,speech_encoder_decoder/modeling_speech_encoder_decoder.py,SpeechEncoderDecoderModel,audio+text,wrapper (encoder + decoder composer),composable,linear->tasks/baseline/L1/linear.py:Linear,,modeling_speech_encoder_decoder.py:138,Trivial wrapper that composes any speech encoder + any text decoder via shared Linear projection. Coverage depends on the underlying components.
speech_to_text,speech_to_text/modeling_speech_to_text.py,Speech2TextDecoder;Speech2TextEncoder;Speech2TextForConditionalGeneration;Speech2TextModel;Speech2TextPreTrainedModel,audio+text,speech-to-text encoder-decoder (Conv1d + Transformer),composable,linear->tasks/baseline/L1/linear.py:Linear;embedding->tasks/baseline/L1/embedding.py:Embedding;layer_norm->tasks/baseline/L1/layer_norm.py:LayerNorm;softmax->tasks/baseline/L1/softmax.py:Softmax;matmul->tasks/baseline/L1/linear.py:Matmul;kv_cache->tasks/baseline/L1/store_kvcache.py:StoreKVCache;conv1d->tasks/baseline/L1/conv1d.py:Conv1d;encoder_decoder_cache->tasks/baseline/L4/recurrent_cache.py:RecurrentCache,,modeling_speech_to_text.py:233;modeling_speech_to_text.py:326;modeling_speech_to_text.py:84,Conv1d audio frontend + standard encoder-decoder transformer with sinusoidal positions and EncoderDecoderCache.
speecht5,speecht5/modeling_speecht5.py,SpeechT5Decoder;SpeechT5DecoderWithSpeechPrenet;SpeechT5DecoderWithTextPrenet;SpeechT5DecoderWithoutPrenet;SpeechT5Encoder;SpeechT5EncoderWithSpeechPrenet;SpeechT5EncoderWithTextPrenet;SpeechT5EncoderWithoutPrenet;SpeechT5ForSpeechToSpeech;SpeechT5ForSpeechToText;SpeechT5ForTextToSpeech;SpeechT5HifiGan;SpeechT5Model;SpeechT5PreTrainedModel,audio+text,speech encoder-decoder + HiFi-GAN vocoder,partial,linear->tasks/baseline/L1/linear.py:Linear;embedding->tasks/baseline/L1/embedding.py:Embedding;layer_norm->tasks/baseline/L1/layer_norm.py:LayerNorm;softmax->tasks/baseline/L1/softmax.py:Softmax;matmul->tasks/baseline/L1/linear.py:Matmul;batch_matmul->tasks/baseline/L1/bmm.py:BatchMatMul;kv_cache->tasks/baseline/L1/store_kvcache.py:StoreKVCache;relu->tasks/baseline/L1/relu.py:ReLU,conv_transpose1d(no L1 conv_transpose1d (torch.nn fallback));leaky_relu(no L1 leaky_relu (torch fallback));batch_norm_1d(no L1 batch_norm_1d (torch.nn fallback)),modeling_speecht5.py:502;modeling_speecht5.py:245;modeling_speecht5.py:216,HiFi-GAN vocoder uses conv_transpose1d + leaky_relu + batch_norm_1d (no L1 kernels). Text/speech transformer paths are composable.
splinter,splinter/modeling_splinter.py,SplinterForPreTraining;SplinterForQuestionAnswering;SplinterModel;SplinterPreTrainedModel,text,encoder (BERT-like for QA),composable,linear->tasks/baseline/L1/linear.py:Linear;embedding->tasks/baseline/L1/embedding.py:Embedding;layer_norm->tasks/baseline/L1/layer_norm.py:LayerNorm;softmax->tasks/baseline/L1/softmax.py:Softmax;matmul->tasks/baseline/L1/linear.py:Matmul;dropout->tasks/baseline/L1/dropout.py:Dropout,,modeling_splinter.py:127;modeling_splinter.py:48;modeling_splinter.py:ACT2FN['__dynamic__'],BERT-style encoder + question-aware span prediction head; standard primitives.
squeezebert,squeezebert/modeling_squeezebert.py,SqueezeBertForMaskedLM;SqueezeBertForMultipleChoice;SqueezeBertForQuestionAnswering;SqueezeBertForSequenceClassification;SqueezeBertForTokenClassification;SqueezeBertModel;SqueezeBertPreTrainedModel,text,encoder (grouped-conv1d substitution for Linear),composable,linear->tasks/baseline/L1/linear.py:Linear;embedding->tasks/baseline/L1/embedding.py:Embedding;layer_norm->tasks/baseline/L1/layer_norm.py:LayerNorm;softmax->tasks/baseline/L1/softmax.py:Softmax;matmul->tasks/baseline/L1/linear.py:Matmul;tanh->tasks/baseline/L1/tanh.py:Tanh;conv1d->tasks/baseline/L1/conv1d.py:Conv1d;dropout->tasks/baseline/L1/dropout.py:Dropout,,modeling_squeezebert.py:344;modeling_squeezebert.py:53;modeling_squeezebert.py:130,Replaces Linear with grouped Conv1d but kb-nano Conv1d supports groups; standard otherwise.
stablelm,stablelm/modeling_stablelm.py,StableLmForCausalLM;StableLmForSequenceClassification;StableLmForTokenClassification;StableLmModel;StableLmPreTrainedModel,text,decoder-only LLM,composable,linear->tasks/baseline/L1/linear.py:Linear;embedding->tasks/baseline/L1/embedding.py:Embedding;layer_norm->tasks/baseline/L1/layer_norm.py:LayerNorm;softmax->tasks/baseline/L1/softmax.py:Softmax;matmul->tasks/baseline/L1/linear.py:Matmul;kv_cache->tasks/baseline/L1/store_kvcache.py:StoreKVCache;rotary_pos_emb->tasks/baseline/L1/rotary_emb.py:RotaryEmbedding;dropout->tasks/baseline/L1/dropout.py:Dropout,,modeling_stablelm.py:165;modeling_stablelm.py:345;modeling_stablelm.py:ACT2FN['__dynamic__'],StableLM decoder-only with RoPE + LayerNorm + SDPA + KV cache.
starcoder2,starcoder2/modeling_starcoder2.py,Starcoder2ForCausalLM;Starcoder2ForSequenceClassification;Starcoder2ForTokenClassification;Starcoder2Model;Starcoder2PreTrainedModel,text,decoder-only LLM (code),composable,linear->tasks/baseline/L1/linear.py:Linear;embedding->tasks/baseline/L1/embedding.py:Embedding;layer_norm->tasks/baseline/L1/layer_norm.py:LayerNorm;softmax->tasks/baseline/L1/softmax.py:Softmax;matmul->tasks/baseline/L1/linear.py:Matmul;kv_cache->tasks/baseline/L1/store_kvcache.py:StoreKVCache;rotary_pos_emb->tasks/baseline/L1/rotary_emb.py:RotaryEmbedding;dropout->tasks/baseline/L1/dropout.py:Dropout,,modeling_starcoder2.py:57;modeling_starcoder2.py:211;modeling_starcoder2.py:ACT2FN['__dynamic__'],Llama-style decoder-only with LayerNorm; standard primitives.
superglue,superglue/modeling_superglue.py,SuperGlueForKeypointMatching;SuperGluePreTrainedModel,vision,feature matcher,partial,linear->tasks/baseline/L1/linear.py:Linear;softmax->tasks/baseline/L1/softmax.py:Softmax;matmul->tasks/baseline/L1/linear.py:Matmul;relu->tasks/baseline/L1/relu.py:ReLU;dropout->tasks/baseline/L1/dropout.py:Dropout,batch_norm_1d(no L1 batch_norm_1d (torch.nn fallback)),modeling_superglue.py:191;modeling_superglue.py:192;modeling_superglue.py:123,Uses batch_norm_1d (no L1 kernel; torch.nn fallback) inside KeypointEncoder. Sinkhorn iterations use logsumexp/log/exp (passthrough). Attention is standard SDPA.
superpoint,superpoint/modeling_superpoint.py,SuperPointForKeypointDetection;SuperPointPreTrainedModel,vision,keypoint detector + descriptor,partial,softmax->tasks/baseline/L1/softmax.py:Softmax;relu->tasks/baseline/L1/relu.py:ReLU;conv2d->tasks/baseline/L1/conv2d.py:Conv2d;max_pool_2d->tasks/baseline/L1/max_pool2d.py:MaxPool2d,grid_sample(no L1 grid_sample; torch.nn.functional fallback - composed inside L1 deformable_attention only),modeling_superpoint.py:115;modeling_superpoint.py:122;modeling_superpoint.py:208,Uses standalone F.grid_sample for descriptor sampling at modeling_superpoint.py:315 (no L1 grid_sample kernel; torch.nn.functional fallback).
swiftformer,swiftformer/modeling_swiftformer.py,SwiftFormerForImageClassification;SwiftFormerModel;SwiftFormerPreTrainedModel,vision,efficient image transformer (CNN-Transformer hybrid),composable,linear->tasks/baseline/L1/linear.py:Linear;softmax->tasks/baseline/L1/softmax.py:Softmax;gelu->tasks/baseline/L1/gelu.py:GELU;relu->tasks/baseline/L1/relu.py:ReLU;conv2d->tasks/baseline/L1/conv2d.py:Conv2d;batch_norm_2d->tasks/baseline/L1/batch_norm2d.py:BatchNorm2d;dropout->tasks/baseline/L1/dropout.py:Dropout,,modeling_swiftformer.py:196;modeling_swiftformer.py:114;modeling_swiftformer.py:115,Conv2d + BatchNorm2d + GELU + softmax-based efficient attention; all primitives in L1.
swin2sr,swin2sr/modeling_swin2sr.py,Swin2SRForImageSuperResolution;Swin2SRModel;Swin2SRPreTrainedModel,vision,super-resolution Swin transformer,partial,linear->tasks/baseline/L1/linear.py:Linear;layer_norm->tasks/baseline/L1/layer_norm.py:LayerNorm;softmax->tasks/baseline/L1/softmax.py:Softmax;matmul->tasks/baseline/L1/linear.py:Matmul;relu->tasks/baseline/L1/relu.py:ReLU;sigmoid->tasks/baseline/L1/sigmoid.py:Sigmoid;conv2d->tasks/baseline/L1/conv2d.py:Conv2d;interpolate->tasks/baseline/L1/interpolate.py:Interpolate,leaky_relu(no L1 leaky_relu (torch fallback)),modeling_swin2sr.py:191;modeling_swin2sr.py:456;modeling_swin2sr.py:144,Uses leaky_relu (no L1 kernel; torch fallback) in residual blocks. Window attention + pixel_shuffle otherwise composable.
swinv2,swinv2/modeling_swinv2.py,Swinv2Backbone;Swinv2ForImageClassification;Swinv2ForMaskedImageModeling;Swinv2Model;Swinv2PreTrainedModel,vision,windowed vision transformer v2,kb_nano_l4,linear->tasks/baseline/L1/linear.py:Linear;layer_norm->tasks/baseline/L1/layer_norm.py:LayerNorm;softmax->tasks/baseline/L1/softmax.py:Softmax;matmul->tasks/baseline/L1/linear.py:Matmul;relu->tasks/baseline/L1/relu.py:ReLU;sigmoid->tasks/baseline/L1/sigmoid.py:Sigmoid;conv2d->tasks/baseline/L1/conv2d.py:Conv2d;interpolate->tasks/baseline/L1/interpolate.py:Interpolate,adaptive_avg_pool_1d(no L1 adaptive_avg_pool_1d (torch.nn fallback)),modeling_swinv2.py:354;modeling_swinv2.py:219;modeling_swinv2.py:314,L4 pipeline tasks/baseline/L4/swinv2.py covers SwinV2.
switch_transformers,switch_transformers/modeling_switch_transformers.py,SwitchTransformersEncoderModel;SwitchTransformersForConditionalGeneration;SwitchTransformersModel;SwitchTransformersPreTrainedModel;SwitchTransformersStack,text,sparse MoE encoder-decoder (T5-like),composable,linear->tasks/baseline/L1/linear.py:Linear;embedding->tasks/baseline/L1/embedding.py:Embedding;softmax->tasks/baseline/L1/softmax.py:Softmax;matmul->tasks/baseline/L1/linear.py:Matmul;kv_cache->tasks/baseline/L1/store_kvcache.py:StoreKVCache;encoder_decoder_cache->tasks/baseline/L4/recurrent_cache.py:RecurrentCache;dropout->tasks/baseline/L1/dropout.py:Dropout;one_hot->tasks/baseline/L1/tensor_ops.py:OneHot,,modeling_switch_transformers.py:66;modeling_switch_transformers.py:286;modeling_switch_transformers.py:ACT2FN['__dynamic__'],T5 ops + sparse top-1 router. kb-nano L1 has T5LayerNorm; routing uses softmax + topk + scatter (passthrough).
t5,t5/modeling_t5.py,T5EncoderModel;T5ForConditionalGeneration;T5ForQuestionAnswering;T5ForSequenceClassification;T5ForTokenClassification;T5Model;T5PreTrainedModel;T5Stack,text,encoder-decoder (T5),kb_nano_l4,linear->tasks/baseline/L1/linear.py:Linear;embedding->tasks/baseline/L1/embedding.py:Embedding;softmax->tasks/baseline/L1/softmax.py:Softmax;matmul->tasks/baseline/L1/linear.py:Matmul;kv_cache->tasks/baseline/L1/store_kvcache.py:StoreKVCache;tanh->tasks/baseline/L1/tanh.py:Tanh;encoder_decoder_cache->tasks/baseline/L4/recurrent_cache.py:RecurrentCache;dropout->tasks/baseline/L1/dropout.py:Dropout,,modeling_t5.py:74;modeling_t5.py:201;modeling_t5.py:ACT2FN['__dynamic__'],L4 pipeline tasks/baseline/L4/t5_encoder.py covers the encoder; full encoder-decoder T5 not yet an L4 but all ops covered. Marking kb_nano_l4 for the encoder variant; decoder is composable from same primitives + EncoderDecoderCache.
t5gemma,t5gemma/modeling_t5gemma.py,T5GemmaDecoder;T5GemmaEncoder;T5GemmaEncoderModel;T5GemmaForConditionalGeneration;T5GemmaForSequenceClassification;T5GemmaForTokenClassification;T5GemmaModel;T5GemmaPreTrainedModel,text,T5-style encoder-decoder with Gemma decoder,composable,linear->tasks/baseline/L1/linear.py:Linear;embedding->tasks/baseline/L1/embedding.py:Embedding;softmax->tasks/baseline/L1/softmax.py:Softmax;matmul->tasks/baseline/L1/linear.py:Matmul;kv_cache->tasks/baseline/L1/store_kvcache.py:StoreKVCache;rotary_pos_emb->tasks/baseline/L1/rotary_emb.py:RotaryEmbedding;tanh->tasks/baseline/L1/tanh.py:Tanh;encoder_decoder_cache->tasks/baseline/L4/recurrent_cache.py:RecurrentCache,,modeling_t5gemma.py:86;modeling_t5gemma.py:ACT2FN['__dynamic__'];modeling_t5gemma.py:682,T5 encoder + Gemma-style decoder with RoPE; all primitives in L1.
t5gemma2,t5gemma2/modeling_t5gemma2.py,T5Gemma2Decoder;T5Gemma2Encoder;T5Gemma2ForConditionalGeneration;T5Gemma2ForSequenceClassification;T5Gemma2ForTokenClassification;T5Gemma2Model;T5Gemma2PreTrainedModel;T5Gemma2TextEncoder,text,T5Gemma v2,composable,linear->tasks/baseline/L1/linear.py:Linear;softmax->tasks/baseline/L1/softmax.py:Softmax;matmul->tasks/baseline/L1/linear.py:Matmul;kv_cache->tasks/baseline/L1/store_kvcache.py:StoreKVCache;rotary_pos_emb->tasks/baseline/L1/rotary_emb.py:RotaryEmbedding;tanh->tasks/baseline/L1/tanh.py:Tanh;avg_pool_2d->tasks/baseline/L1/avg_pool2d.py:AvgPool2d;encoder_decoder_cache->tasks/baseline/L4/recurrent_cache.py:RecurrentCache,,modeling_t5gemma2.py:81;modeling_t5gemma2.py:ACT2FN['__dynamic__'];modeling_t5gemma2.py:1465,T5Gemma2 variant; uses avg_pool_2d in addition. All primitives in L1.
table_transformer,table_transformer/modeling_table_transformer.py,TableTransformerDecoder;TableTransformerEncoder;TableTransformerForObjectDetection;TableTransformerModel;TableTransformerPreTrainedModel,detection,DETR-style table detection,composable,linear->tasks/baseline/L1/linear.py:Linear;embedding->tasks/baseline/L1/embedding.py:Embedding;layer_norm->tasks/baseline/L1/layer_norm.py:LayerNorm;softmax->tasks/baseline/L1/softmax.py:Softmax;batch_matmul->tasks/baseline/L1/bmm.py:BatchMatMul;relu->tasks/baseline/L1/relu.py:ReLU;conv2d->tasks/baseline/L1/conv2d.py:Conv2d;interpolate->tasks/baseline/L1/interpolate.py:Interpolate,,modeling_table_transformer.py:371;modeling_table_transformer.py:488;modeling_table_transformer.py:993,DETR primitives: Conv2d backbone (resnet) + transformer encoder-decoder + sinusoidal pos + standard SDPA. No deformable attention.
tapas,tapas/modeling_tapas.py,TapasForMaskedLM;TapasForQuestionAnswering;TapasForSequenceClassification;TapasModel;TapasPreTrainedModel,text,encoder (BERT-like with cell embeddings),composable,linear->tasks/baseline/L1/linear.py:Linear;embedding->tasks/baseline/L1/embedding.py:Embedding;layer_norm->tasks/baseline/L1/layer_norm.py:LayerNorm;softmax->tasks/baseline/L1/softmax.py:Softmax;matmul->tasks/baseline/L1/linear.py:Matmul;kv_cache->tasks/baseline/L1/store_kvcache.py:StoreKVCache;tanh->tasks/baseline/L1/tanh.py:Tanh;encoder_decoder_cache->tasks/baseline/L4/recurrent_cache.py:RecurrentCache,,modeling_tapas.py:156;modeling_tapas.py:86;modeling_tapas.py:2024,BERT-style encoder with table-cell type embeddings; einsum used for span score reductions (passthrough).
textnet,textnet/modeling_textnet.py,TextNetBackbone;TextNetForImageClassification;TextNetModel;TextNetPreTrainedModel,vision,text detection backbone (CNN),partial,linear->tasks/baseline/L1/linear.py:Linear;relu->tasks/baseline/L1/relu.py:ReLU;conv2d->tasks/baseline/L1/conv2d.py:Conv2d;batch_norm_2d->tasks/baseline/L1/batch_norm2d.py:BatchNorm2d,adaptive_avg_pool_2d(no L1 adaptive_avg_pool_2d (torch.nn fallback)),modeling_textnet.py:278;modeling_textnet.py:53;modeling_textnet.py:229,Uses adaptive_avg_pool_2d in classifier head (torch.nn fallback).
time_series_transformer,time_series_transformer/modeling_time_series_transformer.py,TimeSeriesTransformerDecoder;TimeSeriesTransformerEncoder;TimeSeriesTransformerForPrediction;TimeSeriesTransformerModel;TimeSeriesTransformerPreTrainedModel,time-series,encoder-decoder transformer for time series,composable,linear->tasks/baseline/L1/linear.py:Linear;embedding->tasks/baseline/L1/embedding.py:Embedding;layer_norm->tasks/baseline/L1/layer_norm.py:LayerNorm;softmax->tasks/baseline/L1/softmax.py:Softmax;matmul->tasks/baseline/L1/linear.py:Matmul;kv_cache->tasks/baseline/L1/store_kvcache.py:StoreKVCache;encoder_decoder_cache->tasks/baseline/L4/recurrent_cache.py:RecurrentCache;dropout->tasks/baseline/L1/dropout.py:Dropout,,modeling_time_series_transformer.py:267;modeling_time_series_transformer.py:433;modeling_time_series_transformer.py:886,Standard transformer encoder-decoder + sinusoidal pos; uses EncoderDecoderCache.
timesfm,timesfm/modeling_timesfm.py,TimesFmModel;TimesFmModelForPrediction;TimesFmPreTrainedModel,time-series,foundation model for time series (TimesFM),composable,linear->tasks/baseline/L1/linear.py:Linear;embedding->tasks/baseline/L1/embedding.py:Embedding;layer_norm->tasks/baseline/L1/layer_norm.py:LayerNorm;softmax->tasks/baseline/L1/softmax.py:Softmax;matmul->tasks/baseline/L1/linear.py:Matmul;silu->tasks/baseline/L1/silu.py:SiLU;relu->tasks/baseline/L1/relu.py:ReLU;conv1d->tasks/baseline/L1/conv1d.py:Conv1d,,modeling_timesfm.py:83;modeling_timesfm.py:85;modeling_timesfm.py:804,Conv1d patch embed + standard encoder + RMSNorm + SiLU; mse_loss is training-only.
timesfm2_5,timesfm2_5/modeling_timesfm2_5.py,TimesFm2_5Model;TimesFm2_5ModelForPrediction;TimesFm2_5PreTrainedModel,time-series,TimesFM v2.5,composable,linear->tasks/baseline/L1/linear.py:Linear;softmax->tasks/baseline/L1/softmax.py:Softmax;matmul->tasks/baseline/L1/linear.py:Matmul;rotary_pos_emb->tasks/baseline/L1/rotary_emb.py:RotaryEmbedding;conv1d->tasks/baseline/L1/conv1d.py:Conv1d;dropout->tasks/baseline/L1/dropout.py:Dropout;pad->tasks/baseline/L1/tensor_ops.py:Pad,,modeling_timesfm2_5.py:84;modeling_timesfm2_5.py:874;modeling_timesfm2_5.py:ACT2FN['__dynamic__'],Conv1d frontend + RoPE + RMSNorm + SDPA; mse_loss is training-only.
timesformer,timesformer/modeling_timesformer.py,TimesformerForVideoClassification;TimesformerModel;TimesformerPreTrainedModel,vision,video transformer (divided space-time attention),composable,linear->tasks/baseline/L1/linear.py:Linear;layer_norm->tasks/baseline/L1/layer_norm.py:LayerNorm;softmax->tasks/baseline/L1/softmax.py:Softmax;conv2d->tasks/baseline/L1/conv2d.py:Conv2d;interpolate->tasks/baseline/L1/interpolate.py:Interpolate;dropout->tasks/baseline/L1/dropout.py:Dropout,,modeling_timesformer.py:190;modeling_timesformer.py:299;modeling_timesformer.py:55,Conv2d patch embed + ViT-like blocks with divided attention; standard primitives.
timm_backbone,timm_backbone/modeling_timm_backbone.py,TimmBackbone,vision,wrapper around timm backbone,partial,timm_backbone_wrapper->external_timm_library,timm_dynamic_backbone(coverage depends on runtime-loaded timm model; kb-nano cannot map statically),modeling_timm_backbone.py:32,Delegates to a third-party timm model; coverage depends on the wrapped backbone (variable). Cannot be directly mapped to kb-nano L1 ops because the backbone is loaded dynamically.
timm_wrapper,timm_wrapper/modeling_timm_wrapper.py,TimmWrapperForImageClassification;TimmWrapperModel;TimmWrapperPreTrainedModel,vision,wrapper around timm model with HF interface,partial,timm_wrapper->external_timm_library,timm_dynamic_backbone(coverage depends on runtime-loaded timm model; kb-nano cannot map statically),modeling_timm_wrapper.py:163;modeling_timm_wrapper.py:80,Same as timm_backbone — delegates to a dynamically loaded timm model; coverage depends on backbone.
trocr,trocr/modeling_trocr.py,TrOCRDecoder;TrOCRDecoderWrapper;TrOCRForCausalLM;TrOCRPreTrainedModel,multimodal,OCR text decoder (paired with vision encoder),composable,linear->tasks/baseline/L1/linear.py:Linear;layer_norm->tasks/baseline/L1/layer_norm.py:LayerNorm;softmax->tasks/baseline/L1/softmax.py:Softmax;batch_matmul->tasks/baseline/L1/bmm.py:BatchMatMul;kv_cache->tasks/baseline/L1/store_kvcache.py:StoreKVCache;encoder_decoder_cache->tasks/baseline/L4/recurrent_cache.py:RecurrentCache;dropout->tasks/baseline/L1/dropout.py:Dropout,,modeling_trocr.py:170;modeling_trocr.py:296;modeling_trocr.py:ACT2FN['__dynamic__'],GPT2-style decoder with sinusoidal pos + cross-attention + EncoderDecoderCache; standard primitives.
tvp,tvp/modeling_tvp.py,TvpForVideoGrounding;TvpModel;TvpPreTrainedModel,multimodal,temporal video grounding (vision+text),composable,linear->tasks/baseline/L1/linear.py:Linear;embedding->tasks/baseline/L1/embedding.py:Embedding;layer_norm->tasks/baseline/L1/layer_norm.py:LayerNorm;softmax->tasks/baseline/L1/softmax.py:Softmax;matmul->tasks/baseline/L1/linear.py:Matmul;relu->tasks/baseline/L1/relu.py:ReLU;tanh->tasks/baseline/L1/tanh.py:Tanh;sigmoid->tasks/baseline/L1/sigmoid.py:Sigmoid,,modeling_tvp.py:336;modeling_tvp.py:187;modeling_tvp.py:149,ViT-style video frame encoder + BERT-style text encoder; standard primitives.
udop,udop/modeling_udop.py,UdopEncoderModel;UdopForConditionalGeneration;UdopModel;UdopPreTrainedModel;UdopStack,multimodal,document AI (T5 + vision patches),composable,linear->tasks/baseline/L1/linear.py:Linear;embedding->tasks/baseline/L1/embedding.py:Embedding;softmax->tasks/baseline/L1/softmax.py:Softmax;matmul->tasks/baseline/L1/linear.py:Matmul;kv_cache->tasks/baseline/L1/store_kvcache.py:StoreKVCache;conv2d->tasks/baseline/L1/conv2d.py:Conv2d;encoder_decoder_cache->tasks/baseline/L4/recurrent_cache.py:RecurrentCache;dropout->tasks/baseline/L1/dropout.py:Dropout,,modeling_udop.py:362;modeling_udop.py:233;modeling_udop.py:492,T5 encoder-decoder with patch embeddings (Conv2d) and 2D cell embeddings; standard primitives + T5LayerNorm + EncoderDecoderCache.
umt5,umt5/modeling_umt5.py,UMT5EncoderModel;UMT5ForConditionalGeneration;UMT5ForQuestionAnswering;UMT5ForSequenceClassification;UMT5ForTokenClassification;UMT5Model;UMT5PreTrainedModel;UMT5Stack,text,multilingual T5 (untied biases),composable,linear->tasks/baseline/L1/linear.py:Linear;embedding->tasks/baseline/L1/embedding.py:Embedding;softmax->tasks/baseline/L1/softmax.py:Softmax;matmul->tasks/baseline/L1/linear.py:Matmul;kv_cache->tasks/baseline/L1/store_kvcache.py:StoreKVCache;tanh->tasks/baseline/L1/tanh.py:Tanh;encoder_decoder_cache->tasks/baseline/L4/recurrent_cache.py:RecurrentCache;dropout->tasks/baseline/L1/dropout.py:Dropout,,modeling_umt5.py:83;modeling_umt5.py:216;modeling_umt5.py:ACT2FN['__dynamic__'],T5 encoder-decoder; all primitives in L1.
unispeech,unispeech/modeling_unispeech.py,UniSpeechForCTC;UniSpeechForPreTraining;UniSpeechForSequenceClassification;UniSpeechModel;UniSpeechPreTrainedModel,audio,wav2vec2-style audio encoder (UniSpeech),composable,linear->tasks/baseline/L1/linear.py:Linear;layer_norm->tasks/baseline/L1/layer_norm.py:LayerNorm;softmax->tasks/baseline/L1/softmax.py:Softmax;matmul->tasks/baseline/L1/linear.py:Matmul;relu->tasks/baseline/L1/relu.py:ReLU;conv1d->tasks/baseline/L1/conv1d.py:Conv1d;group_norm->tasks/baseline/L1/group_norm.py:GroupNorm;dropout->tasks/baseline/L1/dropout.py:Dropout,,modeling_unispeech.py:255;modeling_unispeech.py:172;modeling_unispeech.py:96,Conv1d frontend + transformer encoder; CTC loss training-only. All inference primitives in L1.
unispeech_sat,unispeech_sat/modeling_unispeech_sat.py,UniSpeechSatForAudioFrameClassification;UniSpeechSatForCTC;UniSpeechSatForPreTraining;UniSpeechSatForSequenceClassification;UniSpeechSatForXVector;UniSpeechSatModel;UniSpeechSatPreTrainedModel,audio,UniSpeech-SAT speaker-aware variant,composable,linear->tasks/baseline/L1/linear.py:Linear;layer_norm->tasks/baseline/L1/layer_norm.py:LayerNorm;softmax->tasks/baseline/L1/softmax.py:Softmax;matmul->tasks/baseline/L1/linear.py:Matmul;relu->tasks/baseline/L1/relu.py:ReLU;conv1d->tasks/baseline/L1/conv1d.py:Conv1d;group_norm->tasks/baseline/L1/group_norm.py:GroupNorm;dropout->tasks/baseline/L1/dropout.py:Dropout,,modeling_unispeech_sat.py:261;modeling_unispeech_sat.py:178;modeling_unispeech_sat.py:102,Same as unispeech with speaker module; all inference primitives covered.
univnet,univnet/modeling_univnet.py,UnivNetModel,audio,UnivNet vocoder (GAN),partial,tanh->tasks/baseline/L1/tanh.py:Tanh;sigmoid->tasks/baseline/L1/sigmoid.py:Sigmoid;conv1d->tasks/baseline/L1/conv1d.py:Conv1d;dropout->tasks/baseline/L1/dropout.py:Dropout;pad->tasks/baseline/L1/tensor_ops.py:Pad,leaky_relu(no L1 leaky_relu (torch fallback));conv_transpose1d(no L1 conv_transpose1d (torch.nn fallback)),modeling_univnet.py:72;modeling_univnet.py:73;modeling_univnet.py:142,Uses conv_transpose1d + leaky_relu + einsum (no L1 conv_transpose1d/leaky_relu kernels; torch fallback).
upernet,upernet/modeling_upernet.py,UperNetForSemanticSegmentation;UperNetPreTrainedModel,vision,UperNet segmentation head,partial,relu->tasks/baseline/L1/relu.py:ReLU;conv2d->tasks/baseline/L1/conv2d.py:Conv2d;batch_norm_2d->tasks/baseline/L1/batch_norm2d.py:BatchNorm2d;interpolate->tasks/baseline/L1/interpolate.py:Interpolate,adaptive_avg_pool_2d(no L1 adaptive_avg_pool_2d (torch.nn fallback)),modeling_upernet.py:43;modeling_upernet.py:66;modeling_upernet.py:51,Uses adaptive_avg_pool_2d in pyramid pooling module (no L1 kernel; torch.nn fallback).
uvdoc,uvdoc/modeling_uvdoc.py,UVDocBackbone;UVDocBridge;UVDocModel;UVDocPreTrainedModel,vision,document unwarping CNN,composable,conv2d->tasks/baseline/L1/conv2d.py:Conv2d;batch_norm_2d->tasks/baseline/L1/batch_norm2d.py:BatchNorm2d,,modeling_uvdoc.py:55;modeling_uvdoc.py:ACT2FN['__dynamic__'];modeling_uvdoc.py:65,Pure Conv2d + BatchNorm2d + cat; all primitives in L1.
vaultgemma,vaultgemma/modeling_vaultgemma.py,VaultGemmaForCausalLM;VaultGemmaModel;VaultGemmaPreTrainedModel,text,decoder-only LLM (Gemma variant),composable,linear->tasks/baseline/L1/linear.py:Linear;softmax->tasks/baseline/L1/softmax.py:Softmax;matmul->tasks/baseline/L1/linear.py:Matmul;kv_cache->tasks/baseline/L1/store_kvcache.py:StoreKVCache;rotary_pos_emb->tasks/baseline/L1/rotary_emb.py:RotaryEmbedding;tanh->tasks/baseline/L1/tanh.py:Tanh;dropout->tasks/baseline/L1/dropout.py:Dropout,,modeling_vaultgemma.py:72;modeling_vaultgemma.py:ACT2FN['__dynamic__'];modeling_vaultgemma.py:426,Gemma-style decoder with RoPE + RMSNorm + SDPA + KV cache.
vibevoice_acoustic_tokenizer,vibevoice_acoustic_tokenizer/modeling_vibevoice_acoustic_tokenizer.py,VibeVoiceAcousticTokenizerDecoderModel;VibeVoiceAcousticTokenizerEncoderModel;VibeVoiceAcousticTokenizerModel;VibeVoiceAcousticTokenizerPreTrainedModel,audio,audio tokenizer (RVQ-style),partial,linear->tasks/baseline/L1/linear.py:Linear;conv1d->tasks/baseline/L1/conv1d.py:Conv1d;pad->tasks/baseline/L1/tensor_ops.py:Pad,conv_transpose1d(no L1 conv_transpose1d (torch.nn fallback)),modeling_vibevoice_acoustic_tokenizer.py:112;modeling_vibevoice_acoustic_tokenizer.py:195;modeling_vibevoice_acoustic_tokenizer.py:ACT2FN['__dynamic__'],Uses conv_transpose1d in upsampling decoder (no L1 kernel; torch fallback).
vibevoice_asr,vibevoice_asr/modeling_vibevoice_asr.py,VibeVoiceAsrForConditionalGeneration;VibeVoiceAsrPreTrainedModel,audio,ASR encoder,composable,linear->tasks/baseline/L1/linear.py:Linear;conv1d->tasks/baseline/L1/conv1d.py:Conv1d;pad->tasks/baseline/L1/tensor_ops.py:Pad,,modeling_vibevoice_asr.py:61;modeling_vibevoice_asr.py:172;modeling_vibevoice_asr.py:ACT2FN['__dynamic__'],Conv1d frontend + transformer encoder; standard primitives.
video_llama_3,video_llama_3/modeling_video_llama_3.py,VideoLlama3ForConditionalGeneration;VideoLlama3Model;VideoLlama3PreTrainedModel;VideoLlama3VisionModel,multimodal,video LLaMA v3 (vision encoder portion),composable,linear->tasks/baseline/L1/linear.py:Linear;layer_norm->tasks/baseline/L1/layer_norm.py:LayerNorm;softmax->tasks/baseline/L1/softmax.py:Softmax;matmul->tasks/baseline/L1/linear.py:Matmul;rotary_pos_emb->tasks/baseline/L1/rotary_emb.py:RotaryEmbedding;gelu->tasks/baseline/L1/gelu.py:GELU;conv2d->tasks/baseline/L1/conv2d.py:Conv2d;interpolate->tasks/baseline/L1/interpolate.py:Interpolate,,modeling_video_llama_3.py:115;modeling_video_llama_3.py:292;modeling_video_llama_3.py:95,Vision frame encoder with Conv2d patch embed + RoPE + LayerNorm + SDPA; outputs to LLM (Llama).
video_llava,video_llava/modeling_video_llava.py,VideoLlavaForConditionalGeneration;VideoLlavaModel;VideoLlavaPreTrainedModel,multimodal,wrapper (VideoLLaVA composer),composable,linear->tasks/baseline/L1/linear.py:Linear,,modeling_video_llava.py:107;modeling_video_llava.py:ACT2FN['__dynamic__'];modeling_video_llava.py:213,Trivial wrapper that delegates to AutoModel; only Linear projection layer is its own.
videomae,videomae/modeling_videomae.py,VideoMAEForPreTraining;VideoMAEForVideoClassification;VideoMAEModel;VideoMAEPreTrainedModel,vision,video masked autoencoder,composable,linear->tasks/baseline/L1/linear.py:Linear;layer_norm->tasks/baseline/L1/layer_norm.py:LayerNorm;softmax->tasks/baseline/L1/softmax.py:Softmax;matmul->tasks/baseline/L1/linear.py:Matmul;conv3d->tasks/baseline/L1/conv3d.py:Conv3d;dropout->tasks/baseline/L1/dropout.py:Dropout,,modeling_videomae.py:225;modeling_videomae.py:336;modeling_videomae.py:157,Conv3d patch embed + ViT-style encoder; standard primitives.
videomt,videomt/modeling_videomt.py,VideomtForUniversalSegmentation;VideomtPreTrainedModel,vision,video motion tracking (with deformable + grid_sample),partial,linear->tasks/baseline/L1/linear.py:Linear;embedding->tasks/baseline/L1/embedding.py:Embedding;layer_norm->tasks/baseline/L1/layer_norm.py:LayerNorm;softmax->tasks/baseline/L1/softmax.py:Softmax;matmul->tasks/baseline/L1/linear.py:Matmul;silu->tasks/baseline/L1/silu.py:SiLU;sigmoid->tasks/baseline/L1/sigmoid.py:Sigmoid;conv2d->tasks/baseline/L1/conv2d.py:Conv2d,conv_transpose2d(no L1 conv_transpose2d (torch.nn fallback));grid_sample(no L1 grid_sample; torch.nn.functional fallback - composed inside L1 deformable_attention only),modeling_videomt.py:138;modeling_videomt.py:303;modeling_videomt.py:71,Uses standalone grid_sample + conv_transpose2d (no L1 kernels; torch.nn.functional fallback).
vilt,vilt/modeling_vilt.py,ViltForImageAndTextRetrieval;ViltForImagesAndTextClassification;ViltForMaskedLM;ViltForQuestionAnswering;ViltForTokenClassification;ViltModel;ViltPreTrainedModel,multimodal,ViLT (vision-language transformer),composable,linear->tasks/baseline/L1/linear.py:Linear;embedding->tasks/baseline/L1/embedding.py:Embedding;layer_norm->tasks/baseline/L1/layer_norm.py:LayerNorm;softmax->tasks/baseline/L1/softmax.py:Softmax;matmul->tasks/baseline/L1/linear.py:Matmul;gelu->tasks/baseline/L1/gelu.py:GELU;tanh->tasks/baseline/L1/tanh.py:Tanh;conv2d->tasks/baseline/L1/conv2d.py:Conv2d,,modeling_vilt.py:319;modeling_vilt.py:230;modeling_vilt.py:293,ViT-like joint encoder over text+image patches; standard primitives. binary_cross_entropy is training-only.
vipllava,vipllava/modeling_vipllava.py,VipLlavaForConditionalGeneration;VipLlavaModel;VipLlavaPreTrainedModel,multimodal,wrapper (VipLLaVA composer),composable,linear->tasks/baseline/L1/linear.py:Linear;layer_norm->tasks/baseline/L1/layer_norm.py:LayerNorm,,modeling_vipllava.py:97;modeling_vipllava.py:93;modeling_vipllava.py:ACT2FN['__dynamic__'],Trivial wrapper around LLaVA-style multimodal; only LayerNorm + Linear of its own.
vision_encoder_decoder,vision_encoder_decoder/modeling_vision_encoder_decoder.py,VisionEncoderDecoderModel,multimodal,wrapper (vision encoder + text decoder composer),composable,linear->tasks/baseline/L1/linear.py:Linear,,modeling_vision_encoder_decoder.py:137,Trivial wrapper that composes any vision encoder + any text decoder. Coverage depends on components.
vision_text_dual_encoder,vision_text_dual_encoder/modeling_vision_text_dual_encoder.py,VisionTextDualEncoderModel,multimodal,wrapper (CLIP-like dual encoder composer),composable,linear->tasks/baseline/L1/linear.py:Linear;matmul->tasks/baseline/L1/linear.py:Matmul,,modeling_vision_text_dual_encoder.py:99;modeling_vision_text_dual_encoder.py:34;modeling_vision_text_dual_encoder.py:272,Trivial wrapper composing vision + text encoders with projection heads. cross_entropy is training-only.
visual_bert,visual_bert/modeling_visual_bert.py,VisualBertForMultipleChoice;VisualBertForPreTraining;VisualBertForQuestionAnswering;VisualBertForRegionToPhraseAlignment;VisualBertForVisualReasoning;VisualBertModel;VisualBertPreTrainedModel,multimodal,BERT with visual embeddings,composable,linear->tasks/baseline/L1/linear.py:Linear;embedding->tasks/baseline/L1/embedding.py:Embedding;layer_norm->tasks/baseline/L1/layer_norm.py:LayerNorm;softmax->tasks/baseline/L1/softmax.py:Softmax;matmul->tasks/baseline/L1/linear.py:Matmul;tanh->tasks/baseline/L1/tanh.py:Tanh;dropout->tasks/baseline/L1/dropout.py:Dropout,,modeling_visual_bert.py:71;modeling_visual_bert.py:50;modeling_visual_bert.py:ACT2FN['__dynamic__'],BERT encoder with visual feature embeddings concatenated; standard primitives.
vit_mae,vit_mae/modeling_vit_mae.py,ViTMAEForPreTraining;ViTMAEModel;ViTMAEPreTrainedModel,vision,masked autoencoder ViT,composable,linear->tasks/baseline/L1/linear.py:Linear;layer_norm->tasks/baseline/L1/layer_norm.py:LayerNorm;softmax->tasks/baseline/L1/softmax.py:Softmax;matmul->tasks/baseline/L1/linear.py:Matmul;conv2d->tasks/baseline/L1/conv2d.py:Conv2d;interpolate->tasks/baseline/L1/interpolate.py:Interpolate;dropout->tasks/baseline/L1/dropout.py:Dropout,,modeling_vit_mae.py:378;modeling_vit_mae.py:492;modeling_vit_mae.py:314,ViT encoder + lightweight decoder for image reconstruction; standard primitives + sinusoidal pos.
vit_msn,vit_msn/modeling_vit_msn.py,ViTMSNForImageClassification;ViTMSNModel;ViTMSNPreTrainedModel,vision,MSN-pretrained ViT,composable,linear->tasks/baseline/L1/linear.py:Linear;layer_norm->tasks/baseline/L1/layer_norm.py:LayerNorm;softmax->tasks/baseline/L1/softmax.py:Softmax;matmul->tasks/baseline/L1/linear.py:Matmul;conv2d->tasks/baseline/L1/conv2d.py:Conv2d;interpolate->tasks/baseline/L1/interpolate.py:Interpolate;dropout->tasks/baseline/L1/dropout.py:Dropout,,modeling_vit_msn.py:213;modeling_vit_msn.py:327;modeling_vit_msn.py:147,Standard ViT encoder.
vitdet,vitdet/modeling_vitdet.py,VitDetBackbone;VitDetModel;VitDetPreTrainedModel,vision,ViT detector backbone,composable,linear->tasks/baseline/L1/linear.py:Linear;layer_norm->tasks/baseline/L1/layer_norm.py:LayerNorm;softmax->tasks/baseline/L1/softmax.py:Softmax;conv2d->tasks/baseline/L1/conv2d.py:Conv2d;interpolate->tasks/baseline/L1/interpolate.py:Interpolate;dropout->tasks/baseline/L1/dropout.py:Dropout;pad->tasks/baseline/L1/tensor_ops.py:Pad,,modeling_vitdet.py:222;modeling_vitdet.py:454;modeling_vitdet.py:62,ViT with windowed attention + relative position bias; standard primitives.
vitmatte,vitmatte/modeling_vitmatte.py,VitMatteForImageMatting;VitMattePreTrainedModel,vision,ViT for image matting,composable,relu->tasks/baseline/L1/relu.py:ReLU;sigmoid->tasks/baseline/L1/sigmoid.py:Sigmoid;conv2d->tasks/baseline/L1/conv2d.py:Conv2d;batch_norm_2d->tasks/baseline/L1/batch_norm2d.py:BatchNorm2d;interpolate->tasks/baseline/L1/interpolate.py:Interpolate,,modeling_vitmatte.py:79;modeling_vitmatte.py:87;modeling_vitmatte.py:163,Conv2d + BatchNorm2d + interpolate + sigmoid head; all primitives in L1.
vitpose,vitpose/modeling_vitpose.py,VitPoseForPoseEstimation;VitPosePreTrainedModel,vision,ViT pose estimation head,partial,relu->tasks/baseline/L1/relu.py:ReLU;conv2d->tasks/baseline/L1/conv2d.py:Conv2d;batch_norm_2d->tasks/baseline/L1/batch_norm2d.py:BatchNorm2d;interpolate->tasks/baseline/L1/interpolate.py:Interpolate,conv_transpose2d(no L1 conv_transpose2d (torch.nn fallback)),modeling_vitpose.py:131;modeling_vitpose.py:159;modeling_vitpose.py:163,Uses conv_transpose2d in deconvolution head (no L1 kernel; torch fallback).
vitpose_backbone,vitpose_backbone/modeling_vitpose_backbone.py,VitPoseBackbone;VitPoseBackboneEncoder;VitPoseBackbonePreTrainedModel,vision,ViT pose backbone (encoder only),composable,linear->tasks/baseline/L1/linear.py:Linear;layer_norm->tasks/baseline/L1/layer_norm.py:LayerNorm;softmax->tasks/baseline/L1/softmax.py:Softmax;matmul->tasks/baseline/L1/linear.py:Matmul;conv2d->tasks/baseline/L1/conv2d.py:Conv2d;dropout->tasks/baseline/L1/dropout.py:Dropout,,modeling_vitpose_backbone.py:146;modeling_vitpose_backbone.py:293;modeling_vitpose_backbone.py:61,Standard ViT encoder; pose head is separate.
vits,vits/modeling_vits.py,VitsModel;VitsPreTrainedModel,audio,VITS TTS (text-to-speech),partial,linear->tasks/baseline/L1/linear.py:Linear;embedding->tasks/baseline/L1/embedding.py:Embedding;layer_norm->tasks/baseline/L1/layer_norm.py:LayerNorm;softmax->tasks/baseline/L1/softmax.py:Softmax;matmul->tasks/baseline/L1/linear.py:Matmul;batch_matmul->tasks/baseline/L1/bmm.py:BatchMatMul;gelu->tasks/baseline/L1/gelu.py:GELU;relu->tasks/baseline/L1/relu.py:ReLU,conv_transpose1d(no L1 conv_transpose1d (torch.nn fallback));leaky_relu(no L1 leaky_relu (torch fallback)),modeling_vits.py:863;modeling_vits.py:815;modeling_vits.py:390,HiFi-GAN-style decoder uses conv_transpose1d + leaky_relu (no L1 kernels). Posterior encoder/flow are composable.
vivit,vivit/modeling_vivit.py,VivitForVideoClassification;VivitModel;VivitPreTrainedModel,vision,video ViT (tubelet embedding),composable,linear->tasks/baseline/L1/linear.py:Linear;layer_norm->tasks/baseline/L1/layer_norm.py:LayerNorm;softmax->tasks/baseline/L1/softmax.py:Softmax;matmul->tasks/baseline/L1/linear.py:Matmul;tanh->tasks/baseline/L1/tanh.py:Tanh;conv3d->tasks/baseline/L1/conv3d.py:Conv3d;interpolate->tasks/baseline/L1/interpolate.py:Interpolate;dropout->tasks/baseline/L1/dropout.py:Dropout,,modeling_vivit.py:206;modeling_vivit.py:320;modeling_vivit.py:59,Conv3d tubelet embed + ViT encoder; standard primitives.
vjepa2,vjepa2/modeling_vjepa2.py,VJEPA2ForVideoClassification;VJEPA2Model;VJEPA2PreTrainedModel,vision,V-JEPA-2 video predictor,composable,linear->tasks/baseline/L1/linear.py:Linear;layer_norm->tasks/baseline/L1/layer_norm.py:LayerNorm;softmax->tasks/baseline/L1/softmax.py:Softmax;matmul->tasks/baseline/L1/linear.py:Matmul;conv3d->tasks/baseline/L1/conv3d.py:Conv3d;dropout->tasks/baseline/L1/dropout.py:Dropout,,modeling_vjepa2.py:227;modeling_vjepa2.py:396;modeling_vjepa2.py:99,Conv3d patch embed + ViT-style encoder + predictor; standard primitives.
voxtral,voxtral/modeling_voxtral.py,VoxtralEncoder;VoxtralForConditionalGeneration;VoxtralPreTrainedModel,audio+text,Voxtral audio encoder,partial,linear->tasks/baseline/L1/linear.py:Linear;embedding->tasks/baseline/L1/embedding.py:Embedding;layer_norm->tasks/baseline/L1/layer_norm.py:LayerNorm;softmax->tasks/baseline/L1/softmax.py:Softmax;matmul->tasks/baseline/L1/linear.py:Matmul;gelu->tasks/baseline/L1/gelu.py:GELU;conv1d->tasks/baseline/L1/conv1d.py:Conv1d;dropout->tasks/baseline/L1/dropout.py:Dropout,avg_pool_1d(no L1 avg_pool_1d (torch.nn fallback)),modeling_voxtral.py:109;modeling_voxtral.py:170;modeling_voxtral.py:265,Conv1d frontend + transformer; uses avg_pool_1d (no L1 kernel; torch fallback).
voxtral_realtime,voxtral_realtime/modeling_voxtral_realtime.py,VoxtralRealtimeEncoder;VoxtralRealtimeForConditionalGeneration;VoxtralRealtimePreTrainedModel;VoxtralRealtimeTextForCausalLM;VoxtralRealtimeTextModel;VoxtralRealtimeTextPreTrainedModel,audio+text,Voxtral realtime decoder,composable,linear->tasks/baseline/L1/linear.py:Linear;embedding->tasks/baseline/L1/embedding.py:Embedding;softmax->tasks/baseline/L1/softmax.py:Softmax;matmul->tasks/baseline/L1/linear.py:Matmul;kv_cache->tasks/baseline/L1/store_kvcache.py:StoreKVCache;rotary_pos_emb->tasks/baseline/L1/rotary_emb.py:RotaryEmbedding;gelu->tasks/baseline/L1/gelu.py:GELU;dropout->tasks/baseline/L1/dropout.py:Dropout,,modeling_voxtral_realtime.py:337;modeling_voxtral_realtime.py:ACT2FN['__dynamic__'];modeling_voxtral_realtime.py:563,Decoder-only with RoPE + RMSNorm + KV cache; standard primitives.
wav2vec2,wav2vec2/modeling_wav2vec2.py,Wav2Vec2ForAudioFrameClassification;Wav2Vec2ForCTC;Wav2Vec2ForPreTraining;Wav2Vec2ForSequenceClassification;Wav2Vec2ForXVector;Wav2Vec2Model;Wav2Vec2PreTrainedModel,audio,wav2vec2 audio encoder,composable,linear->tasks/baseline/L1/linear.py:Linear;layer_norm->tasks/baseline/L1/layer_norm.py:LayerNorm;softmax->tasks/baseline/L1/softmax.py:Softmax;matmul->tasks/baseline/L1/linear.py:Matmul;relu->tasks/baseline/L1/relu.py:ReLU;conv1d->tasks/baseline/L1/conv1d.py:Conv1d;group_norm->tasks/baseline/L1/group_norm.py:GroupNorm;dropout->tasks/baseline/L1/dropout.py:Dropout,,modeling_wav2vec2.py:426;modeling_wav2vec2.py:288;modeling_wav2vec2.py:260,Conv1d frontend + transformer; CTC loss training-only. All inference primitives in L1.
wav2vec2_bert,wav2vec2_bert/modeling_wav2vec2_bert.py,Wav2Vec2BertForAudioFrameClassification;Wav2Vec2BertForCTC;Wav2Vec2BertForSequenceClassification;Wav2Vec2BertForXVector;Wav2Vec2BertModel;Wav2Vec2BertPreTrainedModel,audio,Wav2Vec2-BERT (Conformer-based),composable,linear->tasks/baseline/L1/linear.py:Linear;embedding->tasks/baseline/L1/embedding.py:Embedding;layer_norm->tasks/baseline/L1/layer_norm.py:LayerNorm;softmax->tasks/baseline/L1/softmax.py:Softmax;matmul->tasks/baseline/L1/linear.py:Matmul;relu->tasks/baseline/L1/relu.py:ReLU;conv1d->tasks/baseline/L1/conv1d.py:Conv1d;dropout->tasks/baseline/L1/dropout.py:Dropout,,modeling_wav2vec2_bert.py:122;modeling_wav2vec2_bert.py:121;modeling_wav2vec2_bert.py:164,Conv1d + Conformer (depthwise Conv1d + attention); all primitives in L1.
wav2vec2_conformer,wav2vec2_conformer/modeling_wav2vec2_conformer.py,Wav2Vec2ConformerForAudioFrameClassification;Wav2Vec2ConformerForCTC;Wav2Vec2ConformerForPreTraining;Wav2Vec2ConformerForSequenceClassification;Wav2Vec2ConformerForXVector;Wav2Vec2ConformerModel;Wav2Vec2ConformerPreTrainedModel,audio,Wav2Vec2-Conformer,partial,linear->tasks/baseline/L1/linear.py:Linear;layer_norm->tasks/baseline/L1/layer_norm.py:LayerNorm;softmax->tasks/baseline/L1/softmax.py:Softmax;matmul->tasks/baseline/L1/linear.py:Matmul;relu->tasks/baseline/L1/relu.py:ReLU;conv1d->tasks/baseline/L1/conv1d.py:Conv1d;group_norm->tasks/baseline/L1/group_norm.py:GroupNorm;dropout->tasks/baseline/L1/dropout.py:Dropout,batch_norm_1d(no L1 batch_norm_1d (torch.nn fallback)),modeling_wav2vec2_conformer.py:325;modeling_wav2vec2_conformer.py:242;modeling_wav2vec2_conformer.py:83,Conformer block uses batch_norm_1d (no L1 kernel; torch fallback).
wav2vec2_phoneme,,,audio,tokenizer-only,not_inference_required,,,,No PyTorch modeling file (tokenizer wrapper).
wav2vec2_with_lm,,,audio,tokenizer-only,not_inference_required,,,,"No PyTorch modeling file (LM-decoded inference helper, tokenizer/processor only)."
wavlm,wavlm/modeling_wavlm.py,WavLMForAudioFrameClassification;WavLMForCTC;WavLMForSequenceClassification;WavLMForXVector;WavLMModel;WavLMPreTrainedModel,audio,WavLM audio encoder,composable,linear->tasks/baseline/L1/linear.py:Linear;embedding->tasks/baseline/L1/embedding.py:Embedding;layer_norm->tasks/baseline/L1/layer_norm.py:LayerNorm;softmax->tasks/baseline/L1/softmax.py:Softmax;matmul->tasks/baseline/L1/linear.py:Matmul;relu->tasks/baseline/L1/relu.py:ReLU;sigmoid->tasks/baseline/L1/sigmoid.py:Sigmoid;conv1d->tasks/baseline/L1/conv1d.py:Conv1d,,modeling_wavlm.py:97;modeling_wavlm.py:96;modeling_wavlm.py:51,wav2vec2-like with relative-position attention; CTC loss training-only. All inference primitives in L1.
x_clip,x_clip/modeling_x_clip.py,XCLIPModel;XCLIPPreTrainedModel;XCLIPTextModel;XCLIPVisionModel,multimodal,X-CLIP (CLIP for video),composable,linear->tasks/baseline/L1/linear.py:Linear;embedding->tasks/baseline/L1/embedding.py:Embedding;layer_norm->tasks/baseline/L1/layer_norm.py:LayerNorm;softmax->tasks/baseline/L1/softmax.py:Softmax;matmul->tasks/baseline/L1/linear.py:Matmul;conv2d->tasks/baseline/L1/conv2d.py:Conv2d;interpolate->tasks/baseline/L1/interpolate.py:Interpolate;dropout->tasks/baseline/L1/dropout.py:Dropout,,modeling_x_clip.py:243;modeling_x_clip.py:308;modeling_x_clip.py:96,CLIP-style vision+text encoders + temporal aggregator; standard primitives. cross_entropy training-only.
xcodec,xcodec/modeling_xcodec.py,XcodecModel,audio,audio codec (RVQ + decoder),partial,linear->tasks/baseline/L1/linear.py:Linear;embedding->tasks/baseline/L1/embedding.py:Embedding;conv1d->tasks/baseline/L1/conv1d.py:Conv1d;pad->tasks/baseline/L1/tensor_ops.py:Pad,conv_transpose1d(no L1 conv_transpose1d (torch.nn fallback));elu(no L1 elu (torch fallback)),modeling_xcodec.py:451;modeling_xcodec.py:75;modeling_xcodec.py:525,Decoder uses conv_transpose1d + elu (no L1 kernels; torch fallback).
xglm,xglm/modeling_xglm.py,XGLMForCausalLM;XGLMModel;XGLMPreTrainedModel,text,multilingual GPT-style decoder,composable,linear->tasks/baseline/L1/linear.py:Linear;layer_norm->tasks/baseline/L1/layer_norm.py:LayerNorm;softmax->tasks/baseline/L1/softmax.py:Softmax;batch_matmul->tasks/baseline/L1/bmm.py:BatchMatMul;kv_cache->tasks/baseline/L1/store_kvcache.py:StoreKVCache;encoder_decoder_cache->tasks/baseline/L4/recurrent_cache.py:RecurrentCache;dropout->tasks/baseline/L1/dropout.py:Dropout,,modeling_xglm.py:132;modeling_xglm.py:274;modeling_xglm.py:ACT2FN['__dynamic__'],Decoder-only with sinusoidal positions + EncoderDecoderCache for cross-attn variant; standard primitives.
xlm,xlm/modeling_xlm.py,XLMForMultipleChoice;XLMForQuestionAnswering;XLMForQuestionAnsweringSimple;XLMForSequenceClassification;XLMForTokenClassification;XLMModel;XLMPreTrainedModel;XLMWithLMHeadModel,text,cross-lingual encoder (XLM),composable,linear->tasks/baseline/L1/linear.py:Linear;embedding->tasks/baseline/L1/embedding.py:Embedding;layer_norm->tasks/baseline/L1/layer_norm.py:LayerNorm;softmax->tasks/baseline/L1/softmax.py:Softmax;matmul->tasks/baseline/L1/linear.py:Matmul;kv_cache->tasks/baseline/L1/store_kvcache.py:StoreKVCache;tanh->tasks/baseline/L1/tanh.py:Tanh;encoder_decoder_cache->tasks/baseline/L4/recurrent_cache.py:RecurrentCache,,modeling_xlm.py:125;modeling_xlm.py:164;modeling_xlm.py:61,BERT-like encoder with sinusoidal pos; standard primitives. cross_entropy training-only.
xlm_roberta,xlm_roberta/modeling_xlm_roberta.py,XLMRobertaForCausalLM;XLMRobertaForMaskedLM;XLMRobertaForMultipleChoice;XLMRobertaForQuestionAnswering;XLMRobertaForSequenceClassification;XLMRobertaForTokenClassification;XLMRobertaModel;XLMRobertaPreTrainedModel,text,XLM-RoBERTa encoder,composable,linear->tasks/baseline/L1/linear.py:Linear;embedding->tasks/baseline/L1/embedding.py:Embedding;layer_norm->tasks/baseline/L1/layer_norm.py:LayerNorm;softmax->tasks/baseline/L1/softmax.py:Softmax;matmul->tasks/baseline/L1/linear.py:Matmul;kv_cache->tasks/baseline/L1/store_kvcache.py:StoreKVCache;tanh->tasks/baseline/L1/tanh.py:Tanh;encoder_decoder_cache->tasks/baseline/L4/recurrent_cache.py:RecurrentCache,,modeling_xlm_roberta.py:205;modeling_xlm_roberta.py:64;modeling_xlm_roberta.py:ACT2FN['__dynamic__'],Roberta-equivalent; standard encoder primitives.
xlm_roberta_xl,xlm_roberta_xl/modeling_xlm_roberta_xl.py,XLMRobertaXLForCausalLM;XLMRobertaXLForMaskedLM;XLMRobertaXLForMultipleChoice;XLMRobertaXLForQuestionAnswering;XLMRobertaXLForSequenceClassification;XLMRobertaXLForTokenClassification;XLMRobertaXLModel;XLMRobertaXLPreTrainedModel,text,XLM-RoBERTa XL,composable,linear->tasks/baseline/L1/linear.py:Linear;embedding->tasks/baseline/L1/embedding.py:Embedding;layer_norm->tasks/baseline/L1/layer_norm.py:LayerNorm;softmax->tasks/baseline/L1/softmax.py:Softmax;matmul->tasks/baseline/L1/linear.py:Matmul;kv_cache->tasks/baseline/L1/store_kvcache.py:StoreKVCache;tanh->tasks/baseline/L1/tanh.py:Tanh;encoder_decoder_cache->tasks/baseline/L4/recurrent_cache.py:RecurrentCache,,modeling_xlm_roberta_xl.py:207;modeling_xlm_roberta_xl.py:356;modeling_xlm_roberta_xl.py:ACT2FN['__dynamic__'],Larger XLM-RoBERTa; same primitives.
xlnet,xlnet/modeling_xlnet.py,XLNetForMultipleChoice;XLNetForQuestionAnswering;XLNetForQuestionAnsweringSimple;XLNetForSequenceClassification;XLNetForTokenClassification;XLNetLMHeadModel;XLNetModel;XLNetPreTrainedModel,text,XLNet (permutation LM),composable,linear->tasks/baseline/L1/linear.py:Linear;embedding->tasks/baseline/L1/embedding.py:Embedding;layer_norm->tasks/baseline/L1/layer_norm.py:LayerNorm;softmax->tasks/baseline/L1/softmax.py:Softmax;tanh->tasks/baseline/L1/tanh.py:Tanh;dropout->tasks/baseline/L1/dropout.py:Dropout;one_hot->tasks/baseline/L1/tensor_ops.py:OneHot,,modeling_xlnet.py:289;modeling_xlnet.py:64;modeling_xlnet.py:ACT2FN['__dynamic__'],Custom relative attention with two-stream attention via einsum + softmax + matmul (passthrough/L1). All ops in kb-nano L1.
xlstm,xlstm/modeling_xlstm.py,xLSTMForCausalLM;xLSTMModel;xLSTMPreTrainedModel,text,xLSTM (mLSTM/sLSTM recurrent),unsupported,linear->tasks/baseline/L1/linear.py:Linear;embedding->tasks/baseline/L1/embedding.py:Embedding;silu->tasks/baseline/L1/silu.py:SiLU;tanh->tasks/baseline/L1/tanh.py:Tanh;sigmoid->tasks/baseline/L1/sigmoid.py:Sigmoid;log_sigmoid->tasks/baseline/L1/log_sigmoid.py:LogSigmoid,mlstm_chunkwise_kernel(no kb-nano L1);mlstm_recurrent_sequence(no kb-nano L1);mlstm_recurrent_step(no kb-nano L1),modeling_xlstm.py:1523;modeling_xlstm.py:231;modeling_xlstm.py:442,xLSTM uses custom mLSTM chunkwise/sequence/step kernels (modeling_xlstm.py:735-848). kb-nano FLA family covers RWKV7/GLA/Retention/RWKV7 only — no mLSTM kernel.
xmod,xmod/modeling_xmod.py,XmodForCausalLM;XmodForMaskedLM;XmodForMultipleChoice;XmodForQuestionAnswering;XmodForSequenceClassification;XmodForTokenClassification;XmodModel;XmodPreTrainedModel,text,XMod (modular cross-lingual encoder),composable,linear->tasks/baseline/L1/linear.py:Linear;embedding->tasks/baseline/L1/embedding.py:Embedding;layer_norm->tasks/baseline/L1/layer_norm.py:LayerNorm;softmax->tasks/baseline/L1/softmax.py:Softmax;matmul->tasks/baseline/L1/linear.py:Matmul;kv_cache->tasks/baseline/L1/store_kvcache.py:StoreKVCache;tanh->tasks/baseline/L1/tanh.py:Tanh;encoder_decoder_cache->tasks/baseline/L4/recurrent_cache.py:RecurrentCache,,modeling_xmod.py:202;modeling_xmod.py:59;modeling_xmod.py:ACT2FN['__dynamic__'],Roberta-style encoder with adapter modules; standard primitives.
yolos,yolos/modeling_yolos.py,YolosForObjectDetection;YolosModel;YolosPreTrainedModel,detection,YOLOS object detection (ViT-based),composable,linear->tasks/baseline/L1/linear.py:Linear;layer_norm->tasks/baseline/L1/layer_norm.py:LayerNorm;softmax->tasks/baseline/L1/softmax.py:Softmax;matmul->tasks/baseline/L1/linear.py:Matmul;relu->tasks/baseline/L1/relu.py:ReLU;tanh->tasks/baseline/L1/tanh.py:Tanh;conv2d->tasks/baseline/L1/conv2d.py:Conv2d;interpolate->tasks/baseline/L1/interpolate.py:Interpolate,,modeling_yolos.py:260;modeling_yolos.py:374;modeling_yolos.py:200,ViT encoder + detection head; standard primitives.
yoso,yoso/modeling_yoso.py,YosoForMaskedLM;YosoForMultipleChoice;YosoForQuestionAnswering;YosoForSequenceClassification;YosoForTokenClassification;YosoModel;YosoPreTrainedModel,text,YOSO encoder (random-feature attention),composable,linear->tasks/baseline/L1/linear.py:Linear;embedding->tasks/baseline/L1/embedding.py:Embedding;layer_norm->tasks/baseline/L1/layer_norm.py:LayerNorm;matmul->tasks/baseline/L1/linear.py:Matmul;relu->tasks/baseline/L1/relu.py:ReLU;conv2d->tasks/baseline/L1/conv2d.py:Conv2d;dropout->tasks/baseline/L1/dropout.py:Dropout,,modeling_yoso.py:301;modeling_yoso.py:234;modeling_yoso.py:322,Replaces softmax attention with random-feature LSH-like approximation but expressed via standard matmul + softmax + Linear; einsum used for projections (passthrough). All ops in L1.
youtu,youtu/modeling_youtu.py,YoutuForCausalLM;YoutuModel;YoutuPreTrainedModel,text,Youtu decoder-only LLM,composable,linear->tasks/baseline/L1/linear.py:Linear;embedding->tasks/baseline/L1/embedding.py:Embedding;softmax->tasks/baseline/L1/softmax.py:Softmax;matmul->tasks/baseline/L1/linear.py:Matmul;kv_cache->tasks/baseline/L1/store_kvcache.py:StoreKVCache;rotary_pos_emb->tasks/baseline/L1/rotary_emb.py:RotaryEmbedding;dropout->tasks/baseline/L1/dropout.py:Dropout;pad->tasks/baseline/L1/tensor_ops.py:Pad,,modeling_youtu.py:145;modeling_youtu.py:ACT2FN['__dynamic__'];modeling_youtu.py:501,Llama-style decoder-only with RoPE + RMSNorm + KV cache.
zamba,zamba/modeling_zamba.py,ZambaForCausalLM;ZambaForSequenceClassification;ZambaModel;ZambaPreTrainedModel,text,hybrid Mamba+Attention LLM,composable,linear->tasks/baseline/L1/linear.py:Linear;embedding->tasks/baseline/L1/embedding.py:Embedding;softmax->tasks/baseline/L1/softmax.py:Softmax;matmul->tasks/baseline/L1/linear.py:Matmul;kv_cache->tasks/baseline/L1/store_kvcache.py:StoreKVCache;conv1d->tasks/baseline/L1/conv1d.py:Conv1d;dropout->tasks/baseline/L1/dropout.py:Dropout;pad->tasks/baseline/L1/tensor_ops.py:Pad,,modeling_zamba.py:134;modeling_zamba.py:203;modeling_zamba.py:ACT2FN['__dynamic__'],Mamba mixer (selective_scan + causal_conv1d via vLLM in kb-nano L2) + standard attention blocks.
zamba2,zamba2/modeling_zamba2.py,Zamba2ForCausalLM;Zamba2ForSequenceClassification;Zamba2Model;Zamba2PreTrainedModel,text,hybrid Mamba2+Attention LLM,composable,linear->tasks/baseline/L1/linear.py:Linear;embedding->tasks/baseline/L1/embedding.py:Embedding;softmax->tasks/baseline/L1/softmax.py:Softmax;matmul->tasks/baseline/L1/linear.py:Matmul;batch_matmul->tasks/baseline/L1/bmm.py:BatchMatMul;kv_cache->tasks/baseline/L1/store_kvcache.py:StoreKVCache;rotary_pos_emb->tasks/baseline/L1/rotary_emb.py:RotaryEmbedding;silu->tasks/baseline/L1/silu.py:SiLU,,modeling_zamba2.py:262;modeling_zamba2.py:436;modeling_zamba2.py:ACT2FN['__dynamic__'],Mamba2 mixer (mamba_scan via L2 mamba2_mixer) + RoPE attention.
zoedepth,zoedepth/modeling_zoedepth.py,ZoeDepthForDepthEstimation;ZoeDepthPreTrainedModel,vision,monocular depth estimation,partial,linear->tasks/baseline/L1/linear.py:Linear;layer_norm->tasks/baseline/L1/layer_norm.py:LayerNorm;softmax->tasks/baseline/L1/softmax.py:Softmax;matmul->tasks/baseline/L1/linear.py:Matmul;gelu->tasks/baseline/L1/gelu.py:GELU;relu->tasks/baseline/L1/relu.py:ReLU;conv2d->tasks/baseline/L1/conv2d.py:Conv2d;batch_norm_2d->tasks/baseline/L1/batch_norm2d.py:BatchNorm2d,conv_transpose2d(no L1 conv_transpose2d (torch.nn fallback)),modeling_zoedepth.py:792;modeling_zoedepth.py:863;modeling_zoedepth.py:134,Decoder uses conv_transpose2d + upsample (interpolate) — conv_transpose2d has no L1 kernel.
