hf_folder,modeling_file,architecture_classes,modality,family,support_status,mapped_kb_nano,partial_or_unsupported_ops,evidence_hf,notes
nanochat,modeling_nanochat.py,NanoChatForCausalLM;NanoChatModel;NanoChatPreTrainedModel,text,decoder-only,composable,"linearâ†’tasks/baseline/L1/linear.py:Linear; embeddingâ†’tasks/baseline/L1/embedding.py:Embedding; rms_normâ†’tasks/baseline/L1/rms_norm.py:RMSNorm; rotary_pos_embâ†’tasks/baseline/L1/rotary_emb.py:RotaryEmbedding; sdpaâ†’tasks/baseline/L1/dense_attention.py:DenseAttention; kv_cacheâ†’tasks/baseline/L1/store_kvcache.py:StoreKVCache; tanhâ†’tasks/baseline/L1/tanh.py:Tanh",,"modeling_nanochat.py:209;modeling_nanochat.py:241;modeling_nanochat.py:396",Llama-style decoder w/ RMSNorm + RoPE + GQA; ACT2FN dynamic (default tanh-style MLP); modular DSL exists; no L4 yet but trivial to wire from llama L3.
nemotron,modeling_nemotron.py,NemotronForCausalLM;NemotronForQuestionAnswering;NemotronForSequenceClassification;NemotronForTokenClassification;NemotronModel;NemotronPreTrainedModel,text,decoder-only,composable,"linearâ†’tasks/baseline/L1/linear.py:Linear; embeddingâ†’tasks/baseline/L1/embedding.py:Embedding; layer_normâ†’tasks/baseline/L1/layer_norm.py:LayerNorm; rotary_pos_embâ†’tasks/baseline/L1/rotary_emb.py:RotaryEmbedding; sdpaâ†’tasks/baseline/L1/dense_attention.py:DenseAttention; kv_cacheâ†’tasks/baseline/L1/store_kvcache.py:StoreKVCache",,"modeling_nemotron.py:1;modeling_nemotron.py:1;modeling_nemotron.py:1",Llama-like with LayerNorm (not RMSNorm) and partial rotary. All ops covered.
nemotron_h,modeling_nemotron_h.py,NemotronHForCausalLM;NemotronHModel;NemotronHPreTrainedModel,text,hybrid,composable,"linearâ†’tasks/baseline/L1/linear.py:Linear; rms_normâ†’tasks/baseline/L1/rms_norm.py:RMSNorm; conv1dâ†’tasks/baseline/L1/conv1d.py:Conv1d; mamba_chunk_scan_combined+causal_conv1dâ†’tasks/baseline/L2/mamba2_mixer.py:Mamba2Mixer (vLLM-backed); sdpaâ†’tasks/baseline/L1/dense_attention.py:DenseAttention; kv_cacheâ†’tasks/baseline/L1/store_kvcache.py:StoreKVCache; moe_topkâ†’tasks/baseline/L1/grouped_topk.py:GroupedTopK","mamba_scan(mapped via mamba2 chunk_scan in L2 mamba2_mixer; passes)","modeling_nemotron_h.py:114;modeling_nemotron_h.py:352;modeling_nemotron_h.py:834",Mamba2 hybrid attention+MoE; vLLM-backed mamba2 chunk_scan kernel matches HF's mamba_chunk_scan_combined; MoE wiring composable from kb-nano grouped_topk + experts.
nllb,NO_PT_MODELING,,text,encoder-decoder,not_inference_required,,,"NO_PT_MODELING",Folder contains tokenizer/processor only; reuses parent NLLB which is BART-style.
nllb_moe,modeling_nllb_moe.py,NllbMoeDecoder;NllbMoeEncoder;NllbMoeForConditionalGeneration;NllbMoeModel;NllbMoePreTrainedModel,text,encoder-decoder-MoE,composable,"linearâ†’tasks/baseline/L1/linear.py:Linear; embeddingâ†’tasks/baseline/L1/embedding.py:Embedding; layer_normâ†’tasks/baseline/L1/layer_norm.py:LayerNorm; sdpaâ†’tasks/baseline/L1/dense_attention.py:DenseAttention; kv_cacheâ†’tasks/baseline/L1/store_kvcache.py:StoreKVCache; encoder_decoder_cacheâ†’tasks/baseline/L4/recurrent_cache.py:RecurrentCache (semantic 2x KV cache); moe_topk(top2)â†’tasks/baseline/L1/grouped_topk.py:GroupedTopK","encoder_decoder_cache(composable from 2x kv_cache)","modeling_nllb_moe.py:165;modeling_nllb_moe.py:219;modeling_nllb_moe.py:49",BART-style enc-dec with top-2 MoE router; EncoderDecoderCache wrapping is composable (per pilot).
nomic_bert,modeling_nomic_bert.py,NomicBertForMaskedLM;NomicBertForSequenceClassification;NomicBertForTokenClassification;NomicBertForMultipleChoice;NomicBertForQuestionAnswering;NomicBertForPreTraining;NomicBertModel;NomicBertPreTrainedModel,text,encoder,composable,"linearâ†’tasks/baseline/L1/linear.py:Linear; embeddingâ†’tasks/baseline/L1/embedding.py:Embedding; layer_normâ†’tasks/baseline/L1/layer_norm.py:LayerNorm; rotary_pos_embâ†’tasks/baseline/L1/rotary_emb.py:RotaryEmbedding; sdpaâ†’tasks/baseline/L1/dense_attention.py:DenseAttention; tanhâ†’tasks/baseline/L1/tanh.py:Tanh",,"modeling_nomic_bert.py:99;modeling_nomic_bert.py:226;modeling_nomic_bert.py:349",BERT-like with RoPE; supports flash_attn natively. All ops in L1.
nougat,NO_PT_MODELING,,multimodal,encoder-decoder,not_inference_required,,,"NO_PT_MODELING",Folder contains tokenizer/processor only; Nougat reuses Donut/MBart architectures.
nystromformer,modeling_nystromformer.py,NystromformerForMaskedLM;NystromformerForMultipleChoice;NystromformerForQuestionAnswering;NystromformerForSequenceClassification;NystromformerForTokenClassification;NystromformerModel;NystromformerPreTrainedModel,text,encoder,composable,"linearâ†’tasks/baseline/L1/linear.py:Linear; embeddingâ†’tasks/baseline/L1/embedding.py:Embedding; layer_normâ†’tasks/baseline/L1/layer_norm.py:LayerNorm; conv2dâ†’tasks/baseline/L1/conv2d.py:Conv2d; matmulâ†’tasks/baseline/L1/linear.py:Matmul; softmaxâ†’tasks/baseline/L1/softmax.py:Softmax; reluâ†’tasks/baseline/L1/relu.py:ReLU",,"modeling_nystromformer.py:102;modeling_nystromformer.py:131;modeling_nystromformer.py:283",Nystrom approximation attention via segmented matmul + small conv2d residual; all primitives in L1.
olmo,modeling_olmo.py,OlmoForCausalLM;OlmoForSequenceClassification;OlmoModel;OlmoPreTrainedModel,text,decoder-only,composable,"linearâ†’tasks/baseline/L1/linear.py:Linear; embeddingâ†’tasks/baseline/L1/embedding.py:Embedding; layer_normâ†’tasks/baseline/L1/layer_norm.py:LayerNorm; rotary_pos_embâ†’tasks/baseline/L1/rotary_emb.py:RotaryEmbedding; sdpaâ†’tasks/baseline/L1/dense_attention.py:DenseAttention; kv_cacheâ†’tasks/baseline/L1/store_kvcache.py:StoreKVCache",,"modeling_olmo.py:1;modeling_olmo.py:1;modeling_olmo.py:1",Llama-style decoder with LayerNorm (no biases). All ops in L1.
olmo2,modeling_olmo2.py,Olmo2ForCausalLM;Olmo2ForSequenceClassification;Olmo2Model;Olmo2PreTrainedModel,text,decoder-only,composable,"linearâ†’tasks/baseline/L1/linear.py:Linear; embeddingâ†’tasks/baseline/L1/embedding.py:Embedding; rms_normâ†’tasks/baseline/L1/rms_norm.py:RMSNorm; rotary_pos_embâ†’tasks/baseline/L1/rotary_emb.py:RotaryEmbedding; sdpaâ†’tasks/baseline/L1/dense_attention.py:DenseAttention; kv_cacheâ†’tasks/baseline/L1/store_kvcache.py:StoreKVCache",,"modeling_olmo2.py:1;modeling_olmo2.py:1;modeling_olmo2.py:1",Olmo with RMSNorm; all ops in L1.
olmo3,modeling_olmo3.py,Olmo3ForCausalLM;Olmo3ForSequenceClassification;Olmo3Model;Olmo3PreTrainedModel,text,decoder-only,composable,"linearâ†’tasks/baseline/L1/linear.py:Linear; embeddingâ†’tasks/baseline/L1/embedding.py:Embedding; rms_normâ†’tasks/baseline/L1/rms_norm.py:RMSNorm; rotary_pos_embâ†’tasks/baseline/L1/rotary_emb.py:RotaryEmbedding; sdpaâ†’tasks/baseline/L1/dense_attention.py:DenseAttention; kv_cacheâ†’tasks/baseline/L1/store_kvcache.py:StoreKVCache",,"modeling_olmo3.py:1;modeling_olmo3.py:1;modeling_olmo3.py:1",Olmo3 with RMSNorm + sliding window attention; mask construction via masking_utils; all ops in L1.
olmo_hybrid,modeling_olmo_hybrid.py,OlmoHybridForCausalLM;OlmoHybridModel;OlmoHybridPreTrainedModel,text,hybrid,partial,"linearâ†’tasks/baseline/L1/linear.py:Linear; rms_normâ†’tasks/baseline/L1/rms_norm.py:RMSNorm; conv1dâ†’tasks/baseline/L1/conv1d.py:Conv1d; rotary_pos_embâ†’tasks/baseline/L1/rotary_emb.py:RotaryEmbedding; sdpaâ†’tasks/baseline/L1/dense_attention.py:DenseAttention; kv_cacheâ†’tasks/baseline/L1/store_kvcache.py:StoreKVCache; siluâ†’tasks/baseline/L1/silu.py:SiLU","chunk_gated_delta_rule(no L1 wrapper for FLA gated_delta_rule kernel; kb-nano covers GLA/retention/RWKV7 via chunk_gla.py/chunk_retention.py/chunk_rwkv7.py but not gated_delta_rule)","modeling_olmo_hybrid.py:50;modeling_olmo_hybrid.py:631;modeling_olmo_hybrid.py:791",Olmo with GatedDeltaNet linear-attention layers (FLA). Causal_conv1d covered via conv1d L1 + vLLM (mamba pattern). Missing: explicit chunk_gated_delta_rule L1 wrapper.
olmoe,modeling_olmoe.py,OlmoeForCausalLM;OlmoeModel;OlmoePreTrainedModel,text,decoder-only-MoE,composable,"linearâ†’tasks/baseline/L1/linear.py:Linear; embeddingâ†’tasks/baseline/L1/embedding.py:Embedding; rms_normâ†’tasks/baseline/L1/rms_norm.py:RMSNorm; rotary_pos_embâ†’tasks/baseline/L1/rotary_emb.py:RotaryEmbedding; sdpaâ†’tasks/baseline/L1/dense_attention.py:DenseAttention; kv_cacheâ†’tasks/baseline/L1/store_kvcache.py:StoreKVCache; moe_topkâ†’tasks/baseline/L1/grouped_topk.py:GroupedTopK; moe_expertsâ†’tasks/baseline/L2/mixtral_moe.py",,"modeling_olmoe.py:1;modeling_olmoe.py:1;modeling_olmoe.py:1",Olmo-style decoder with topK MoE; mirrors mixtral.
omdet_turbo,modeling_omdet_turbo.py,OmDetTurboDecoder;OmDetTurboForObjectDetection;OmDetTurboPreTrainedModel,detection,encoder-decoder,composable,"linearâ†’tasks/baseline/L1/linear.py:Linear; conv2dâ†’tasks/baseline/L1/conv2d.py:Conv2d; batch_norm_2dâ†’tasks/baseline/L1/batch_norm2d.py:BatchNorm2d; layer_normâ†’tasks/baseline/L1/layer_norm.py:LayerNorm; deformable_attentionâ†’tasks/baseline/L1/rtdetrv2_deformable_attention.py:MultiScaleDeformableAttentionV2; interpolateâ†’tasks/baseline/L1/interpolate.py:Interpolate; sdpaâ†’tasks/baseline/L1/dense_attention.py:DenseAttention",,"modeling_omdet_turbo.py:162;modeling_omdet_turbo.py:196;modeling_omdet_turbo.py:633",RT-DETR-style hybrid encoder + open-vocab decoder. Deformable attention (v1 numerics) maps to v2 with method=default (pilot-verified bit-equivalent).
oneformer,modeling_oneformer.py,OneFormerForUniversalSegmentation;OneFormerModel;OneFormerPreTrainedModel,segmentation,detection-segmentation,composable,"linearâ†’tasks/baseline/L1/linear.py:Linear; conv2dâ†’tasks/baseline/L1/conv2d.py:Conv2d; group_normâ†’tasks/baseline/L1/group_norm.py:GroupNorm; layer_normâ†’tasks/baseline/L1/layer_norm.py:LayerNorm; deformable_attentionâ†’tasks/baseline/L1/rtdetrv2_deformable_attention.py:MultiScaleDeformableAttentionV2; interpolateâ†’tasks/baseline/L1/interpolate.py:Interpolate; sdpaâ†’tasks/baseline/L1/dense_attention.py:DenseAttention","multihead_attention(nn.MultiheadAttention used in transformer decoder/text encoder; composable from sdpa+linear via L1, no kb-nano wrapper class but no missing primitive)","modeling_oneformer.py:60;modeling_oneformer.py:1672;modeling_oneformer.py:2548",Mask2Former-derivative universal seg (panoptic+instance+semantic). Deformable encoder + MaskFormer-style decoder. Uses nn.MultiheadAttention (composable from kb-nano sdpa+linear). cross_entropy training-only. new_canonical_name_needed: multihead_attention.
openai,modeling_openai.py,OpenAIGPTDoubleHeadsModel;OpenAIGPTForSequenceClassification;OpenAIGPTLMHeadModel;OpenAIGPTModel;OpenAIGPTPreTrainedModel,text,decoder-only,composable,"linearâ†’tasks/baseline/L1/linear.py:Linear; embeddingâ†’tasks/baseline/L1/embedding.py:Embedding; layer_normâ†’tasks/baseline/L1/layer_norm.py:LayerNorm; reluâ†’tasks/baseline/L1/relu.py:ReLU; matmulâ†’tasks/baseline/L1/linear.py:Matmul; softmaxâ†’tasks/baseline/L1/softmax.py:Softmax",,"modeling_openai.py:46;modeling_openai.py:118;modeling_openai.py:259",Original OpenAI GPT (GPT-1) â€“ simple decoder w/ learned position emb; all primitives in L1.
openai_privacy_filter,modeling_openai_privacy_filter.py,OpenAIPrivacyFilterForTokenClassification;OpenAIPrivacyFilterModel;OpenAIPrivacyFilterPreTrainedModel,text,encoder-MoE,composable,"linearâ†’tasks/baseline/L1/linear.py:Linear; embeddingâ†’tasks/baseline/L1/embedding.py:Embedding; rms_normâ†’tasks/baseline/L1/rms_norm.py:RMSNorm; rotary_pos_embâ†’tasks/baseline/L1/rotary_emb.py:RotaryEmbedding; sdpaâ†’tasks/baseline/L1/dense_attention.py:DenseAttention; sigmoid_topkâ†’tasks/baseline/L1/sigmoid_topk.py:SigmoidTopK; moe_expertsâ†’tasks/baseline/L2/mixtral_moe.py",,"modeling_openai_privacy_filter.py:43;modeling_openai_privacy_filter.py:262;modeling_openai_privacy_filter.py:319",GPT-OSS-style topK-routed MoE encoder (token-classification head). All primitives in L1.
opt,modeling_opt.py,OPTDecoder;OPTForCausalLM;OPTForQuestionAnswering;OPTForSequenceClassification;OPTModel;OPTPreTrainedModel,text,decoder-only,composable,"linearâ†’tasks/baseline/L1/linear.py:Linear; embeddingâ†’tasks/baseline/L1/embedding.py:Embedding; layer_normâ†’tasks/baseline/L1/layer_norm.py:LayerNorm; sdpaâ†’tasks/baseline/L1/dense_attention.py:DenseAttention; kv_cacheâ†’tasks/baseline/L1/store_kvcache.py:StoreKVCache",,"modeling_opt.py:1;modeling_opt.py:1;modeling_opt.py:1",OPT decoder with learned position embed; all ops in L1.
ovis2,modeling_ovis2.py,Ovis2ForConditionalGeneration;Ovis2Model;Ovis2PreTrainedModel;Ovis2VisionModel,multimodal,vision-encoder+text-decoder,composable,"linearâ†’tasks/baseline/L1/linear.py:Linear; conv2dâ†’tasks/baseline/L1/conv2d.py:Conv2d; embeddingâ†’tasks/baseline/L1/embedding.py:Embedding; rms_normâ†’tasks/baseline/L1/rms_norm.py:RMSNorm; layer_normâ†’tasks/baseline/L1/layer_norm.py:LayerNorm; sdpaâ†’tasks/baseline/L1/dense_attention.py:DenseAttention",,"modeling_ovis2.py:107;modeling_ovis2.py:199;modeling_ovis2.py:273",Vision-encoder + text-decoder (delegates LLM via AutoModel). All primitives in L1.
owlv2,modeling_owlv2.py,Owlv2ForObjectDetection;Owlv2Model;Owlv2PreTrainedModel;Owlv2TextModel;Owlv2VisionModel,detection,vision-text-detection,composable,"linearâ†’tasks/baseline/L1/linear.py:Linear; conv2dâ†’tasks/baseline/L1/conv2d.py:Conv2d; embeddingâ†’tasks/baseline/L1/embedding.py:Embedding; layer_normâ†’tasks/baseline/L1/layer_norm.py:LayerNorm; geluâ†’tasks/baseline/L1/gelu.py:GELU; sdpaâ†’tasks/baseline/L1/dense_attention.py:DenseAttention; sigmoidâ†’tasks/baseline/L1/sigmoid.py:Sigmoid; interpolateâ†’tasks/baseline/L1/interpolate.py:Interpolate","elu(used only as logit scale in head; nn.ELU has no L1 kernel but is trivial - new_canonical_name_needed)","modeling_owlv2.py:1017;modeling_owlv2.py:1040;modeling_owlv2.py:1065",CLIP+open-vocabulary detection head. nn.ELU used only as confidence scaling at head; not load-bearing. cross_entropy training-only.
owlvit,modeling_owlvit.py,OwlViTForObjectDetection;OwlViTModel;OwlViTPreTrainedModel;OwlViTTextModel;OwlViTVisionModel,detection,vision-text-detection,composable,"linearâ†’tasks/baseline/L1/linear.py:Linear; conv2dâ†’tasks/baseline/L1/conv2d.py:Conv2d; embeddingâ†’tasks/baseline/L1/embedding.py:Embedding; layer_normâ†’tasks/baseline/L1/layer_norm.py:LayerNorm; geluâ†’tasks/baseline/L1/gelu.py:GELU; sdpaâ†’tasks/baseline/L1/dense_attention.py:DenseAttention; sigmoidâ†’tasks/baseline/L1/sigmoid.py:Sigmoid; interpolateâ†’tasks/baseline/L1/interpolate.py:Interpolate","elu(only used as logit scale in head; nn.ELU has no L1 kernel - new_canonical_name_needed)","modeling_owlvit.py:1;modeling_owlvit.py:1;modeling_owlvit.py:1",CLIP+open-vocab detection (v1). Same shape as owlv2; ELU is non-load-bearing.
paddleocr_vl,modeling_paddleocr_vl.py,PaddleOCRTextModel;PaddleOCRVLForConditionalGeneration;PaddleOCRVLModel;PaddleOCRVLPreTrainedModel;PaddleOCRVLVisionModel,multimodal,vision-encoder+text-decoder,composable,"linearâ†’tasks/baseline/L1/linear.py:Linear; conv2dâ†’tasks/baseline/L1/conv2d.py:Conv2d; embeddingâ†’tasks/baseline/L1/embedding.py:Embedding; layer_normâ†’tasks/baseline/L1/layer_norm.py:LayerNorm; rms_normâ†’tasks/baseline/L1/rms_norm.py:RMSNorm; rotary_pos_embâ†’tasks/baseline/L1/rotary_emb.py:RotaryEmbedding; sdpaâ†’tasks/baseline/L1/dense_attention.py:DenseAttention; kv_cacheâ†’tasks/baseline/L1/store_kvcache.py:StoreKVCache; interpolateâ†’tasks/baseline/L1/interpolate.py:Interpolate",,"modeling_paddleocr_vl.py:1;modeling_paddleocr_vl.py:1;modeling_paddleocr_vl.py:1",ViT-style vision encoder + Ernie/Llama-style text decoder. Standard vision-LLM primitives.
paligemma,modeling_paligemma.py,PaliGemmaForConditionalGeneration;PaliGemmaModel;PaliGemmaPreTrainedModel,multimodal,vision-encoder+text-decoder,composable,"linearâ†’tasks/baseline/L1/linear.py:Linear; (delegates vision_tower to AutoModel siglip-style; language_model to AutoModel gemma-style)",,"modeling_paligemma.py:91;modeling_paligemma.py:122;modeling_paligemma.py:302",Wrapper that composes a vision tower (SigLIP) + Gemma LM via AutoModel. All compute lives in the sub-models which are composable in kb-nano.
parakeet,modeling_parakeet.py,ParakeetEncoder;ParakeetForCTC;ParakeetPreTrainedModel,audio,encoder-CTC,partial,"linearâ†’tasks/baseline/L1/linear.py:Linear; conv1dâ†’tasks/baseline/L1/conv1d.py:Conv1d; conv2dâ†’tasks/baseline/L1/conv2d.py:Conv2d; layer_normâ†’tasks/baseline/L1/layer_norm.py:LayerNorm; reluâ†’tasks/baseline/L1/relu.py:ReLU; rotary_pos_embâ†’tasks/baseline/L1/rotary_emb.py:RotaryEmbedding; sdpaâ†’tasks/baseline/L1/dense_attention.py:DenseAttention","batch_norm_1d(nn.BatchNorm1d used in conformer ConvolutionModule; no L1 kernel - same convention as adaptive_avg_pool: works via torch.nn fallback - new_canonical_name_needed)","modeling_parakeet.py:125;modeling_parakeet.py:155;modeling_parakeet.py:268",NVIDIA Parakeet conformer encoder + CTC. Uses nn.BatchNorm1d in conv module (no L1 equivalent). ctc_loss training-only; log_softmax is torch builtin.
patchtsmixer,modeling_patchtsmixer.py,PatchTSMixerEncoder;PatchTSMixerForPrediction;PatchTSMixerForPretraining;PatchTSMixerForRegression;PatchTSMixerForTimeSeriesClassification;PatchTSMixerModel;PatchTSMixerPreTrainedModel,timeseries,encoder,partial,"linearâ†’tasks/baseline/L1/linear.py:Linear; layer_normâ†’tasks/baseline/L1/layer_norm.py:LayerNorm; geluâ†’tasks/baseline/L1/gelu.py:GELU; sigmoidâ†’tasks/baseline/L1/sigmoid.py:Sigmoid; sdpaâ†’tasks/baseline/L1/dense_attention.py:DenseAttention","batch_norm_1d(nn.BatchNorm1d used as one of the norm options; no L1 kernel - new_canonical_name_needed)","modeling_patchtsmixer.py:1;modeling_patchtsmixer.py:1;modeling_patchtsmixer.py:1",MLP-Mixer for time-series; uses BatchNorm1d depending on config. Falls back to torch.nn.
patchtst,modeling_patchtst.py,PatchTSTEncoder;PatchTSTForClassification;PatchTSTForPrediction;PatchTSTForPretraining;PatchTSTForRegression;PatchTSTModel;PatchTSTPreTrainedModel,timeseries,encoder,partial,"linearâ†’tasks/baseline/L1/linear.py:Linear; layer_normâ†’tasks/baseline/L1/layer_norm.py:LayerNorm; sdpaâ†’tasks/baseline/L1/dense_attention.py:DenseAttention","batch_norm_1d(nn.BatchNorm1d used as one of the norm options; no L1 kernel - new_canonical_name_needed)","modeling_patchtst.py:1;modeling_patchtst.py:1;modeling_patchtst.py:1",Patch-based transformer for time-series; uses optional BatchNorm1d.
pe_audio,modeling_pe_audio.py,PeAudioEncoder;PeAudioModel;PeAudioPreTrainedModel,audio,encoder,composable,"linearâ†’tasks/baseline/L1/linear.py:Linear; conv1dâ†’tasks/baseline/L1/conv1d.py:Conv1d; layer_normâ†’tasks/baseline/L1/layer_norm.py:LayerNorm; rms_normâ†’tasks/baseline/L1/rms_norm.py:RMSNorm; rotary_pos_embâ†’tasks/baseline/L1/rotary_emb.py:RotaryEmbedding; sdpaâ†’tasks/baseline/L1/dense_attention.py:DenseAttention; siluâ†’tasks/baseline/L1/silu.py:SiLU; log_sigmoidâ†’tasks/baseline/L1/log_sigmoid.py:LogSigmoid",,"modeling_pe_audio.py:47;modeling_pe_audio.py:198;modeling_pe_audio.py:344",Perception-Encoder audio. DAC-style ResNet conv frontend + ViT. Snake1d activation composes from torch sin/pow (not a missing primitive). GroupNorm subclass (PeAudioMaskedGroupNorm) extends nn.GroupNorm.
pe_audio_video,modeling_pe_audio_video.py,PeAudioVideoEncoder;PeAudioVideoModel;PeAudioVideoPreTrainedModel,multimodal,encoder,composable,"linearâ†’tasks/baseline/L1/linear.py:Linear; conv1dâ†’tasks/baseline/L1/conv1d.py:Conv1d; layer_normâ†’tasks/baseline/L1/layer_norm.py:LayerNorm; rms_normâ†’tasks/baseline/L1/rms_norm.py:RMSNorm; rotary_pos_embâ†’tasks/baseline/L1/rotary_emb.py:RotaryEmbedding; sdpaâ†’tasks/baseline/L1/dense_attention.py:DenseAttention; siluâ†’tasks/baseline/L1/silu.py:SiLU; interpolateâ†’tasks/baseline/L1/interpolate.py:Interpolate",,"modeling_pe_audio_video.py:44;modeling_pe_audio_video.py:301;modeling_pe_audio_video.py:451",PE audio-video joint encoder; same primitive set as pe_audio + interpolation for video.
pe_video,modeling_pe_video.py,PeVideoEncoder;PeVideoModel;PeVideoPreTrainedModel,vision,encoder,composable,"linearâ†’tasks/baseline/L1/linear.py:Linear; conv1dâ†’tasks/baseline/L1/conv1d.py:Conv1d; layer_normâ†’tasks/baseline/L1/layer_norm.py:LayerNorm; rms_normâ†’tasks/baseline/L1/rms_norm.py:RMSNorm; rotary_pos_embâ†’tasks/baseline/L1/rotary_emb.py:RotaryEmbedding; sdpaâ†’tasks/baseline/L1/dense_attention.py:DenseAttention; siluâ†’tasks/baseline/L1/silu.py:SiLU",,"modeling_pe_video.py:269;modeling_pe_video.py:355;modeling_pe_video.py:431",PE video encoder; ViT + per-frame embeddings.
pegasus,modeling_pegasus.py,PegasusDecoder;PegasusDecoderWrapper;PegasusEncoder;PegasusForCausalLM;PegasusForConditionalGeneration;PegasusModel;PegasusPreTrainedModel,text,encoder-decoder,composable,"linearâ†’tasks/baseline/L1/linear.py:Linear; embeddingâ†’tasks/baseline/L1/embedding.py:Embedding; layer_normâ†’tasks/baseline/L1/layer_norm.py:LayerNorm; sdpaâ†’tasks/baseline/L1/dense_attention.py:DenseAttention; kv_cacheâ†’tasks/baseline/L1/store_kvcache.py:StoreKVCache; encoder_decoder_cacheâ†’tasks/baseline/L4/recurrent_cache.py:RecurrentCache (semantic)","encoder_decoder_cache(composable from 2x kv_cache)","modeling_pegasus.py:1;modeling_pegasus.py:1;modeling_pegasus.py:1",BART-derivative summarization model; standard encoder-decoder ops.
pegasus_x,modeling_pegasus_x.py,PegasusXDecoder;PegasusXDecoderWrapper;PegasusXEncoder;PegasusXForConditionalGeneration;PegasusXModel;PegasusXPreTrainedModel,text,encoder-decoder,composable,"linearâ†’tasks/baseline/L1/linear.py:Linear; embeddingâ†’tasks/baseline/L1/embedding.py:Embedding; layer_normâ†’tasks/baseline/L1/layer_norm.py:LayerNorm; sdpaâ†’tasks/baseline/L1/dense_attention.py:DenseAttention; kv_cacheâ†’tasks/baseline/L1/store_kvcache.py:StoreKVCache; encoder_decoder_cacheâ†’tasks/baseline/L4/recurrent_cache.py:RecurrentCache","encoder_decoder_cache(composable from 2x kv_cache); einsum is torch builtin","modeling_pegasus_x.py:273;modeling_pegasus_x.py:431;modeling_pegasus_x.py:480",Pegasus with global+local block-attention (einsum-based). einsum is torch builtin; no missing primitive.
perceiver,modeling_perceiver.py,PerceiverForImageClassificationConvProcessing;PerceiverForImageClassificationFourier;PerceiverForImageClassificationLearned;PerceiverForMaskedLM;PerceiverForMultimodalAutoencoding;PerceiverForOpticalFlow;PerceiverForSequenceClassification;PerceiverModel;PerceiverPreTrainedModel,multimodal,encoder,composable,"linearâ†’tasks/baseline/L1/linear.py:Linear; conv2dâ†’tasks/baseline/L1/conv2d.py:Conv2d; embeddingâ†’tasks/baseline/L1/embedding.py:Embedding; layer_normâ†’tasks/baseline/L1/layer_norm.py:LayerNorm; batch_norm_2dâ†’tasks/baseline/L1/batch_norm2d.py:BatchNorm2d; sdpaâ†’tasks/baseline/L1/dense_attention.py:DenseAttention; max_pool_2dâ†’tasks/baseline/L1/max_pool2d.py:MaxPool2d; interpolateâ†’tasks/baseline/L1/interpolate.py:Interpolate",,"modeling_perceiver.py:124;modeling_perceiver.py:135;modeling_perceiver.py:255",Perceiver IO; cross-attention to latents from any modality. zero_pad_2d composes from pad. All ops in L1.
perception_lm,modeling_perception_lm.py,PerceptionLMForConditionalGeneration;PerceptionLMModel;PerceptionLMPreTrainedModel,multimodal,vision-encoder+text-decoder,partial,"linearâ†’tasks/baseline/L1/linear.py:Linear; geluâ†’tasks/baseline/L1/gelu.py:GELU; (delegates vision_tower and language_model via AutoModel)","adaptive_avg_pool_2d(F.adaptive_avg_pool2d in PerceptionLMAdaptiveAvgPooling within MultiModalProjector; no L1 kernel - same convention as data2vec_vision pilot)","modeling_perception_lm.py:37;modeling_perception_lm.py:50;modeling_perception_lm.py:56",Llava-style multimodal; uses F.adaptive_avg_pool2d in projector.
persimmon,modeling_persimmon.py,PersimmonForCausalLM;PersimmonForSequenceClassification;PersimmonForTokenClassification;PersimmonModel;PersimmonPreTrainedModel,text,decoder-only,composable,"linearâ†’tasks/baseline/L1/linear.py:Linear; embeddingâ†’tasks/baseline/L1/embedding.py:Embedding; layer_normâ†’tasks/baseline/L1/layer_norm.py:LayerNorm; rotary_pos_embâ†’tasks/baseline/L1/rotary_emb.py:RotaryEmbedding; sdpaâ†’tasks/baseline/L1/dense_attention.py:DenseAttention; kv_cacheâ†’tasks/baseline/L1/store_kvcache.py:StoreKVCache",,"modeling_persimmon.py:1;modeling_persimmon.py:1;modeling_persimmon.py:1",Llama-style with LayerNorm + partial RoPE. All ops in L1.
phi,modeling_phi.py,PhiForCausalLM;PhiForSequenceClassification;PhiForTokenClassification;PhiModel;PhiPreTrainedModel,text,decoder-only,composable,"linearâ†’tasks/baseline/L1/linear.py:Linear; embeddingâ†’tasks/baseline/L1/embedding.py:Embedding; layer_normâ†’tasks/baseline/L1/layer_norm.py:LayerNorm; rotary_pos_embâ†’tasks/baseline/L1/rotary_emb.py:RotaryEmbedding; sdpaâ†’tasks/baseline/L1/dense_attention.py:DenseAttention; kv_cacheâ†’tasks/baseline/L1/store_kvcache.py:StoreKVCache",,"modeling_phi.py:1;modeling_phi.py:1;modeling_phi.py:1",Phi-1/2 decoder. All ops in L1.
phi3,modeling_phi3.py,Phi3ForCausalLM;Phi3ForSequenceClassification;Phi3ForTokenClassification;Phi3Model;Phi3PreTrainedModel,text,decoder-only,composable,"linearâ†’tasks/baseline/L1/linear.py:Linear; embeddingâ†’tasks/baseline/L1/embedding.py:Embedding; rms_normâ†’tasks/baseline/L1/rms_norm.py:RMSNorm; rotary_pos_embâ†’tasks/baseline/L1/rotary_emb.py:RotaryEmbedding; sdpaâ†’tasks/baseline/L1/dense_attention.py:DenseAttention; kv_cacheâ†’tasks/baseline/L1/store_kvcache.py:StoreKVCache",,"modeling_phi3.py:1;modeling_phi3.py:1;modeling_phi3.py:1",Phi-3 with RMSNorm + RoPE (LongRoPE/SuRoPE variants); all ops in L1.
phi4_multimodal,modeling_phi4_multimodal.py,Phi4MultimodalAudioModel;Phi4MultimodalAudioPreTrainedModel;Phi4MultimodalForCausalLM;Phi4MultimodalModel;Phi4MultimodalPreTrainedModel;Phi4MultimodalVisionModel;Phi4MultimodalVisionPreTrainedModel,multimodal,vision+audio+text,composable,"linearâ†’tasks/baseline/L1/linear.py:Linear; conv1dâ†’tasks/baseline/L1/conv1d.py:Conv1d; conv2dâ†’tasks/baseline/L1/conv2d.py:Conv2d; embeddingâ†’tasks/baseline/L1/embedding.py:Embedding; layer_normâ†’tasks/baseline/L1/layer_norm.py:LayerNorm; rms_normâ†’tasks/baseline/L1/rms_norm.py:RMSNorm; rotary_pos_embâ†’tasks/baseline/L1/rotary_emb.py:RotaryEmbedding; sdpaâ†’tasks/baseline/L1/dense_attention.py:DenseAttention; geluâ†’tasks/baseline/L1/gelu.py:GELU; avg_pool_2dâ†’tasks/baseline/L1/avg_pool2d.py:AvgPool2d; interpolateâ†’tasks/baseline/L1/interpolate.py:Interpolate","multihead_attention(nn.MultiheadAttention in vision pooling head only - composable from sdpa+linear, no missing primitive)","modeling_phi4_multimodal.py:367;modeling_phi4_multimodal.py:374;modeling_phi4_multimodal.py:919",Phi-4 multimodal (vision+audio+text). F.unfold is torch builtin tensor reshape. nn.MultiheadAttention used only in pooling head (composable from sdpa+linear).
phimoe,modeling_phimoe.py,PhimoeForCausalLM;PhimoeForSequenceClassification;PhimoeModel;PhimoePreTrainedModel,text,decoder-only-MoE,composable,"linearâ†’tasks/baseline/L1/linear.py:Linear; embeddingâ†’tasks/baseline/L1/embedding.py:Embedding; layer_normâ†’tasks/baseline/L1/layer_norm.py:LayerNorm; rotary_pos_embâ†’tasks/baseline/L1/rotary_emb.py:RotaryEmbedding; sdpaâ†’tasks/baseline/L1/dense_attention.py:DenseAttention; kv_cacheâ†’tasks/baseline/L1/store_kvcache.py:StoreKVCache; moe_topkâ†’tasks/baseline/L1/grouped_topk.py:GroupedTopK; moe_expertsâ†’tasks/baseline/L2/mixtral_moe.py:MixtralMoE",,"modeling_phimoe.py:1;modeling_phimoe.py:1;modeling_phimoe.py:1",Phi+Mixtral-style MoE. All ops in L1.
phobert,NO_PT_MODELING,,text,encoder,not_inference_required,,,"NO_PT_MODELING",Folder contains tokenization only; PhoBERT reuses RoBERTa architecture.
pi0,modeling_pi0.py,PI0ForConditionalGeneration;PI0Model;PI0PreTrainedModel,robotics,vision-language-action-flow,composable,"linearâ†’tasks/baseline/L1/linear.py:Linear; siluâ†’tasks/baseline/L1/silu.py:SiLU; (delegates vlm and dit via AutoModel - typically PaliGemma-style + diffusion DiT)",,"modeling_pi0.py:38;modeling_pi0.py:104;modeling_pi0.py:222",PI0 robot VLA. Composes a VLM (PaliGemma-style) with a flow-matching DiT for actions. mse_loss is training-only. All compute lives in sub-models.
pix2struct,modeling_pix2struct.py,Pix2StructForConditionalGeneration;Pix2StructPreTrainedModel;Pix2StructTextModel;Pix2StructVisionModel,multimodal,vision-encoder+text-decoder,composable,"linearâ†’tasks/baseline/L1/linear.py:Linear; embeddingâ†’tasks/baseline/L1/embedding.py:Embedding; t5_layer_normâ†’tasks/baseline/L1/t5_layer_norm.py:T5LayerNorm; sdpaâ†’tasks/baseline/L1/dense_attention.py:DenseAttention; kv_cacheâ†’tasks/baseline/L1/store_kvcache.py:StoreKVCache; encoder_decoder_cacheâ†’tasks/baseline/L4/recurrent_cache.py:RecurrentCache (semantic)","encoder_decoder_cache(composable from 2x kv_cache)","modeling_pix2struct.py:51;modeling_pix2struct.py:112;modeling_pix2struct.py:202",T5-derivative for visual question answering. Uses kb-nano T5LayerNorm + L2 t5_attention/t5_dense.
pixio,modeling_pixio.py,PixioBackbone;PixioEncoder;PixioModel;PixioPreTrainedModel,vision,encoder,composable,"linearâ†’tasks/baseline/L1/linear.py:Linear; conv2dâ†’tasks/baseline/L1/conv2d.py:Conv2d; layer_normâ†’tasks/baseline/L1/layer_norm.py:LayerNorm; sdpaâ†’tasks/baseline/L1/dense_attention.py:DenseAttention; interpolateâ†’tasks/baseline/L1/interpolate.py:Interpolate",,"modeling_pixio.py:40;modeling_pixio.py:178;modeling_pixio.py:314",ViT-style vision encoder + DropPath. All ops in L1.
pixtral,modeling_pixtral.py,PixtralPreTrainedModel;PixtralVisionModel,vision,encoder,composable,"linearâ†’tasks/baseline/L1/linear.py:Linear; conv2dâ†’tasks/baseline/L1/conv2d.py:Conv2d; rms_normâ†’tasks/baseline/L1/rms_norm.py:RMSNorm; rotary_pos_embâ†’tasks/baseline/L1/rotary_emb.py:RotaryEmbedding; sdpaâ†’tasks/baseline/L1/dense_attention.py:DenseAttention",,"modeling_pixtral.py:1;modeling_pixtral.py:1;modeling_pixtral.py:1",Pixtral vision encoder with 2D RoPE + RMSNorm. All ops in L1.
plbart,modeling_plbart.py,PLBartDecoder;PLBartDecoderWrapper;PLBartEncoder;PLBartForCausalLM;PLBartForConditionalGeneration;PLBartForSequenceClassification;PLBartModel;PLBartPreTrainedModel,text,encoder-decoder,composable,"linearâ†’tasks/baseline/L1/linear.py:Linear; embeddingâ†’tasks/baseline/L1/embedding.py:Embedding; layer_normâ†’tasks/baseline/L1/layer_norm.py:LayerNorm; tanhâ†’tasks/baseline/L1/tanh.py:Tanh; sdpaâ†’tasks/baseline/L1/dense_attention.py:DenseAttention; kv_cacheâ†’tasks/baseline/L1/store_kvcache.py:StoreKVCache; encoder_decoder_cacheâ†’tasks/baseline/L4/recurrent_cache.py:RecurrentCache","encoder_decoder_cache(composable from 2x kv_cache)","modeling_plbart.py:1;modeling_plbart.py:1;modeling_plbart.py:1",BART-derivative for code/text. Standard enc-dec ops.
poolformer,modeling_poolformer.py,PoolFormerForImageClassification;PoolFormerModel;PoolFormerPreTrainedModel,vision,encoder,composable,"linearâ†’tasks/baseline/L1/linear.py:Linear; conv2dâ†’tasks/baseline/L1/conv2d.py:Conv2d; group_normâ†’tasks/baseline/L1/group_norm.py:GroupNorm; avg_pool_2dâ†’tasks/baseline/L1/avg_pool2d.py:AvgPool2d",,"modeling_poolformer.py:63;modeling_poolformer.py:92;modeling_poolformer.py:122",MetaFormer with AvgPool2d as token mixer (instead of attention). All ops in L1.
pop2piano,modeling_pop2piano.py,Pop2PianoForConditionalGeneration;Pop2PianoPreTrainedModel;Pop2PianoStack,audio,encoder-decoder,composable,"linearâ†’tasks/baseline/L1/linear.py:Linear; embeddingâ†’tasks/baseline/L1/embedding.py:Embedding; t5_layer_normâ†’tasks/baseline/L1/t5_layer_norm.py:T5LayerNorm; sdpaâ†’tasks/baseline/L1/dense_attention.py:DenseAttention; kv_cacheâ†’tasks/baseline/L1/store_kvcache.py:StoreKVCache; encoder_decoder_cacheâ†’tasks/baseline/L4/recurrent_cache.py:RecurrentCache","encoder_decoder_cache(composable from 2x kv_cache)","modeling_pop2piano.py:41;modeling_pop2piano.py:139;modeling_pop2piano.py:564",T5-derivative for music transcription. Direct copies from T5; uses T5LayerNorm L1.
pp_chart2table,NO_PT_MODELING,,multimodal,encoder-decoder,not_inference_required,,,"NO_PT_MODELING",Folder contains modular wrapper only (re-uses parent VLM); no PT modeling file at this commit.
pp_doclayout_v2,modeling_pp_doclayout_v2.py,PPDocLayoutV2Decoder;PPDocLayoutV2ForObjectDetection;PPDocLayoutV2HybridEncoder;PPDocLayoutV2Model;PPDocLayoutV2PreTrainedModel,detection,encoder-decoder,composable,"linearâ†’tasks/baseline/L1/linear.py:Linear; conv2dâ†’tasks/baseline/L1/conv2d.py:Conv2d; batch_norm_2dâ†’tasks/baseline/L1/batch_norm2d.py:BatchNorm2d; layer_normâ†’tasks/baseline/L1/layer_norm.py:LayerNorm; deformable_attentionâ†’tasks/baseline/L1/rtdetrv2_deformable_attention.py:MultiScaleDeformableAttentionV2; interpolateâ†’tasks/baseline/L1/interpolate.py:Interpolate; sdpaâ†’tasks/baseline/L1/dense_attention.py:DenseAttention",,"modeling_pp_doclayout_v2.py:570;modeling_pp_doclayout_v2.py:603;modeling_pp_doclayout_v2.py:633",RT-DETR-style document layout. Deformable attention (v1 numerics) maps to v2 with method=default. grid_sample composed inside L1.
pp_doclayout_v3,modeling_pp_doclayout_v3.py,PPDocLayoutV3Decoder;PPDocLayoutV3ForObjectDetection;PPDocLayoutV3HybridEncoder;PPDocLayoutV3Model;PPDocLayoutV3PreTrainedModel,detection,encoder-decoder,composable,"linearâ†’tasks/baseline/L1/linear.py:Linear; conv2dâ†’tasks/baseline/L1/conv2d.py:Conv2d; batch_norm_2dâ†’tasks/baseline/L1/batch_norm2d.py:BatchNorm2d; layer_normâ†’tasks/baseline/L1/layer_norm.py:LayerNorm; deformable_attentionâ†’tasks/baseline/L1/rtdetrv2_deformable_attention.py:MultiScaleDeformableAttentionV2; interpolateâ†’tasks/baseline/L1/interpolate.py:Interpolate; sdpaâ†’tasks/baseline/L1/dense_attention.py:DenseAttention",,"modeling_pp_doclayout_v3.py:72;modeling_pp_doclayout_v3.py:135;modeling_pp_doclayout_v3.py:447",RT-DETR-derivative document layout v3. nn.Upsample composes from F.interpolate (Interpolate L1).
pp_formulanet,modeling_pp_formulanet.py,PPFormulaNetForConditionalGeneration;PPFormulaNetModel;PPFormulaNetPreTrainedModel;PPFormulaNetVisionModel,multimodal,vision-encoder+text-decoder,composable,"linearâ†’tasks/baseline/L1/linear.py:Linear; conv2dâ†’tasks/baseline/L1/conv2d.py:Conv2d; embeddingâ†’tasks/baseline/L1/embedding.py:Embedding; layer_normâ†’tasks/baseline/L1/layer_norm.py:LayerNorm; sdpaâ†’tasks/baseline/L1/dense_attention.py:DenseAttention; kv_cacheâ†’tasks/baseline/L1/store_kvcache.py:StoreKVCache; encoder_decoder_cacheâ†’tasks/baseline/L4/recurrent_cache.py:RecurrentCache; interpolateâ†’tasks/baseline/L1/interpolate.py:Interpolate","encoder_decoder_cache(composable from 2x kv_cache)","modeling_pp_formulanet.py:93;modeling_pp_formulanet.py:266;modeling_pp_formulanet.py:431",Vision-encoder + text decoder for formula recognition. einsum is torch builtin.
pp_lcnet,modeling_pp_lcnet.py,PPLCNetBackbone;PPLCNetEncoder;PPLCNetForImageClassification;PPLCNetPreTrainedModel,vision,encoder,partial,"linearâ†’tasks/baseline/L1/linear.py:Linear; conv2dâ†’tasks/baseline/L1/conv2d.py:Conv2d; batch_norm_2dâ†’tasks/baseline/L1/batch_norm2d.py:BatchNorm2d; reluâ†’tasks/baseline/L1/relu.py:ReLU","adaptive_avg_pool_2d(nn.AdaptiveAvgPool2d in SE module; no L1 kernel - same convention as mobilenetv4); hardsigmoid(nn.Hardsigmoid; no L1 kernel - new_canonical_name_needed)","modeling_pp_lcnet.py:120;modeling_pp_lcnet.py:125;modeling_pp_lcnet.py:174",PaddlePaddle's lightweight CNN. SE module uses AdaptiveAvgPool2d + Hardsigmoid; both via torch.nn fallback.
pp_lcnet_v3,modeling_pp_lcnet_v3.py,PPLCNetV3Backbone;PPLCNetV3Encoder;PPLCNetV3PreTrainedModel,vision,encoder,partial,"conv2dâ†’tasks/baseline/L1/conv2d.py:Conv2d; batch_norm_2dâ†’tasks/baseline/L1/batch_norm2d.py:BatchNorm2d; reluâ†’tasks/baseline/L1/relu.py:ReLU","adaptive_avg_pool_2d(nn.AdaptiveAvgPool2d in SE module); hardsigmoid(nn.Hardsigmoid; new_canonical_name_needed)","modeling_pp_lcnet_v3.py:1;modeling_pp_lcnet_v3.py:1;modeling_pp_lcnet_v3.py:1",PP-LCNet v3 backbone; same primitive set as v1.
pp_ocrv5_mobile_det,modeling_pp_ocrv5_mobile_det.py,PPOCRV5MobileDetForObjectDetection;PPOCRV5MobileDetModel;PPOCRV5MobileDetPreTrainedModel,detection,segmentation-detection,partial,"conv2dâ†’tasks/baseline/L1/conv2d.py:Conv2d; batch_norm_2dâ†’tasks/baseline/L1/batch_norm2d.py:BatchNorm2d; sigmoidâ†’tasks/baseline/L1/sigmoid.py:Sigmoid; interpolateâ†’tasks/baseline/L1/interpolate.py:Interpolate","conv_transpose2d(nn.ConvTranspose2d in detection head; no L1 kernel - same convention as data2vec_vision pilot - partial); adaptive_avg_pool_2d(in backbone SE)","modeling_pp_ocrv5_mobile_det.py:182;modeling_pp_ocrv5_mobile_det.py:237;modeling_pp_ocrv5_mobile_det.py:1",DBNet-style text-detection head with ConvTranspose2d upsampling; uses pp_lcnet-like backbone with AdaptiveAvgPool2d.
pp_ocrv5_mobile_rec,modeling_pp_ocrv5_mobile_rec.py,PPOCRV5MobileRecEncoderWithSVTR;PPOCRV5MobileRecForTextRecognition;PPOCRV5MobileRecPreTrainedModel,vision,recognition,composable,"linearâ†’tasks/baseline/L1/linear.py:Linear; conv2dâ†’tasks/baseline/L1/conv2d.py:Conv2d; batch_norm_2dâ†’tasks/baseline/L1/batch_norm2d.py:BatchNorm2d; layer_normâ†’tasks/baseline/L1/layer_norm.py:LayerNorm; sdpaâ†’tasks/baseline/L1/dense_attention.py:DenseAttention; avg_pool_2dâ†’tasks/baseline/L1/avg_pool2d.py:AvgPool2d",,"modeling_pp_ocrv5_mobile_rec.py:1;modeling_pp_ocrv5_mobile_rec.py:1;modeling_pp_ocrv5_mobile_rec.py:1",SVTR-style mobile text recognition; standard CNN+transformer ops in L1.
pp_ocrv5_server_det,modeling_pp_ocrv5_server_det.py,PPOCRV5ServerDetForObjectDetection;PPOCRV5ServerDetModel;PPOCRV5ServerDetPreTrainedModel,detection,segmentation-detection,partial,"conv2dâ†’tasks/baseline/L1/conv2d.py:Conv2d; batch_norm_2dâ†’tasks/baseline/L1/batch_norm2d.py:BatchNorm2d; sigmoidâ†’tasks/baseline/L1/sigmoid.py:Sigmoid; interpolateâ†’tasks/baseline/L1/interpolate.py:Interpolate","conv_transpose2d(nn.ConvTranspose2d in detection head; no L1 kernel - partial)","modeling_pp_ocrv5_server_det.py:252;modeling_pp_ocrv5_server_det.py:307;modeling_pp_ocrv5_server_det.py:1",Server-grade DBNet text-detection head with ConvTranspose2d upsampling. nn.Upsample composes via Interpolate.
pp_ocrv5_server_rec,modeling_pp_ocrv5_server_rec.py,PPOCRV5ServerRecEncoderWithSVTR;PPOCRV5ServerRecForTextRecognition;PPOCRV5ServerRecPreTrainedModel,vision,recognition,composable,"linearâ†’tasks/baseline/L1/linear.py:Linear; conv2dâ†’tasks/baseline/L1/conv2d.py:Conv2d; batch_norm_2dâ†’tasks/baseline/L1/batch_norm2d.py:BatchNorm2d; layer_normâ†’tasks/baseline/L1/layer_norm.py:LayerNorm; sdpaâ†’tasks/baseline/L1/dense_attention.py:DenseAttention; avg_pool_2dâ†’tasks/baseline/L1/avg_pool2d.py:AvgPool2d",,"modeling_pp_ocrv5_server_rec.py:1;modeling_pp_ocrv5_server_rec.py:1;modeling_pp_ocrv5_server_rec.py:1",Server-grade SVTR text recognition; same primitive set as mobile.
prompt_depth_anything,modeling_prompt_depth_anything.py,PromptDepthAnythingForDepthEstimation;PromptDepthAnythingPreTrainedModel,vision,depth-estimation,partial,"conv2dâ†’tasks/baseline/L1/conv2d.py:Conv2d; reluâ†’tasks/baseline/L1/relu.py:ReLU; sigmoidâ†’tasks/baseline/L1/sigmoid.py:Sigmoid; interpolateâ†’tasks/baseline/L1/interpolate.py:Interpolate","conv_transpose2d(nn.ConvTranspose2d in PromptDepthAnythingReassembleLayer for upsampling; no L1 kernel - partial)","modeling_prompt_depth_anything.py:191;modeling_prompt_depth_anything.py:257;modeling_prompt_depth_anything.py:374",DPT-style depth head atop a ViT backbone. ConvTranspose2d in reassemble layer is load-bearing for upsampling.
prophetnet,modeling_prophetnet.py,ProphetNetDecoder;ProphetNetDecoderWrapper;ProphetNetEncoder;ProphetNetForCausalLM;ProphetNetForConditionalGeneration;ProphetNetModel;ProphetNetPreTrainedModel,text,encoder-decoder,composable,"linearâ†’tasks/baseline/L1/linear.py:Linear; embeddingâ†’tasks/baseline/L1/embedding.py:Embedding; layer_normâ†’tasks/baseline/L1/layer_norm.py:LayerNorm; sdpaâ†’tasks/baseline/L1/dense_attention.py:DenseAttention; kv_cacheâ†’tasks/baseline/L1/store_kvcache.py:StoreKVCache; encoder_decoder_cacheâ†’tasks/baseline/L4/recurrent_cache.py:RecurrentCache","encoder_decoder_cache(composable from 2x kv_cache); n-gram self-attn extension is wiring not a kernel","modeling_prophetnet.py:1;modeling_prophetnet.py:1;modeling_prophetnet.py:1",Microsoft ProphetNet (n-gram future prediction). einsum and stack are torch builtins; no missing primitive.
pvt,modeling_pvt.py,PvtForImageClassification;PvtModel;PvtPreTrainedModel,vision,encoder,composable,"linearâ†’tasks/baseline/L1/linear.py:Linear; conv2dâ†’tasks/baseline/L1/conv2d.py:Conv2d; layer_normâ†’tasks/baseline/L1/layer_norm.py:LayerNorm; sdpaâ†’tasks/baseline/L1/dense_attention.py:DenseAttention; interpolateâ†’tasks/baseline/L1/interpolate.py:Interpolate",,"modeling_pvt.py:1;modeling_pvt.py:1;modeling_pvt.py:1",Pyramid Vision Transformer; spatial-reduction attention via conv2d. All ops in L1.
pvt_v2,modeling_pvt_v2.py,PvtV2ForImageClassification;PvtV2Model;PvtV2PreTrainedModel,vision,encoder,partial,"linearâ†’tasks/baseline/L1/linear.py:Linear; conv2dâ†’tasks/baseline/L1/conv2d.py:Conv2d; layer_normâ†’tasks/baseline/L1/layer_norm.py:LayerNorm; geluâ†’tasks/baseline/L1/gelu.py:GELU; sdpaâ†’tasks/baseline/L1/dense_attention.py:DenseAttention; reluâ†’tasks/baseline/L1/relu.py:ReLU","adaptive_avg_pool_2d(F.adaptive_avg_pool2d for spatial reduction; no L1 kernel - partial via torch.nn convention)","modeling_pvt_v2.py:1;modeling_pvt_v2.py:1;modeling_pvt_v2.py:1",PVT v2 introduces adaptive avg pool for spatial reduction in attention; uses torch fallback.
qianfan_ocr,modeling_qianfan_ocr.py,QianfanOCRForConditionalGeneration;QianfanOCRModel;QianfanOCRPreTrainedModel;QianfanOCRVisionModel,multimodal,vision-encoder+text-decoder,composable,"linearâ†’tasks/baseline/L1/linear.py:Linear; conv2dâ†’tasks/baseline/L1/conv2d.py:Conv2d; layer_normâ†’tasks/baseline/L1/layer_norm.py:LayerNorm; rms_normâ†’tasks/baseline/L1/rms_norm.py:RMSNorm; sdpaâ†’tasks/baseline/L1/dense_attention.py:DenseAttention; interpolateâ†’tasks/baseline/L1/interpolate.py:Interpolate",,"modeling_qianfan_ocr.py:75;modeling_qianfan_ocr.py:121;modeling_qianfan_ocr.py:430",ViT-style vision encoder + text decoder for OCR. All primitives in L1.
qwen2,modeling_qwen2.py,Qwen2ForCausalLM;Qwen2ForQuestionAnswering;Qwen2ForSequenceClassification;Qwen2ForTokenClassification;Qwen2Model;Qwen2PreTrainedModel,text,decoder-only,composable,"linearâ†’tasks/baseline/L1/linear.py:Linear; embeddingâ†’tasks/baseline/L1/embedding.py:Embedding; rms_normâ†’tasks/baseline/L1/rms_norm.py:RMSNorm; rotary_pos_embâ†’tasks/baseline/L1/rotary_emb.py:RotaryEmbedding; sdpaâ†’tasks/baseline/L1/dense_attention.py:DenseAttention; kv_cacheâ†’tasks/baseline/L1/store_kvcache.py:StoreKVCache",,"modeling_qwen2.py:35;modeling_qwen2.py:187;modeling_qwen2.py:248",Llama-style decoder w/ optional sliding window; structurally a near-clone of Llama. Modular DSL exists.
qwen2_5_omni,modeling_qwen2_5_omni.py,Qwen2_5OmniAudioEncoder;Qwen2_5OmniForConditionalGeneration;Qwen2_5OmniPreTrainedModel;Qwen2_5OmniThinkerForConditionalGeneration;Qwen2_5OmniThinkerTextModel;Qwen2_5OmniTalkerForConditionalGeneration;Qwen2_5OmniTalkerModel;Qwen2_5OmniToken2WavBigVGANModel;Qwen2_5OmniToken2WavDiTModel;Qwen2_5OmniToken2WavModel;Qwen2_5OmniVisionEncoder,multimodal,omni-modal,partial,"linearâ†’tasks/baseline/L1/linear.py:Linear; conv1dâ†’tasks/baseline/L1/conv1d.py:Conv1d; conv3dâ†’tasks/baseline/L1/conv3d.py:Conv3d; embeddingâ†’tasks/baseline/L1/embedding.py:Embedding; layer_normâ†’tasks/baseline/L1/layer_norm.py:LayerNorm; rms_normâ†’tasks/baseline/L1/rms_norm.py:RMSNorm; rotary_pos_embâ†’tasks/baseline/L1/rotary_emb.py:RotaryEmbedding; sdpaâ†’tasks/baseline/L1/dense_attention.py:DenseAttention; kv_cacheâ†’tasks/baseline/L1/store_kvcache.py:StoreKVCache; geluâ†’tasks/baseline/L1/gelu.py:GELU; siluâ†’tasks/baseline/L1/silu.py:SiLU; avg_pool_1dâ†’passthrough(F.avg_pool1d torch builtin)","conv_transpose1d(nn.ConvTranspose1d in BigVGAN audio decoder/Token2Wav; no L1 kernel - partial via torch.nn convention)","modeling_qwen2_5_omni.py:3298;modeling_qwen2_5_omni.py:3322;modeling_qwen2_5_omni.py:1",Omni-modal Qwen 2.5 (text+audio+vision+talker). BigVGAN audio decoder uses ConvTranspose1d.
qwen2_5_vl,modeling_qwen2_5_vl.py,Qwen2_5_VLForConditionalGeneration;Qwen2_5_VLModel;Qwen2_5_VLPreTrainedModel;Qwen2_5_VLTextModel;Qwen2_5_VisionTransformerPretrainedModel,multimodal,vision-encoder+text-decoder,kb_nano_l4,"linearâ†’tasks/baseline/L1/linear.py:Linear; conv3dâ†’tasks/baseline/L1/conv3d.py:Conv3d; embeddingâ†’tasks/baseline/L1/embedding.py:Embedding; rms_normâ†’tasks/baseline/L1/rms_norm.py:RMSNorm; rotary_pos_emb_mropeâ†’tasks/baseline/L1/mrope.py:MRotaryEmbedding; rotary_pos_emb_visionâ†’tasks/baseline/L1/vision_rotary_emb.py:VisionRotaryEmbedding; sdpaâ†’tasks/baseline/L1/dense_attention.py:DenseAttention; kv_cacheâ†’tasks/baseline/L1/store_kvcache.py:StoreKVCache; geluâ†’tasks/baseline/L1/gelu.py:GELU",,"modeling_qwen2_5_vl.py:1;modeling_qwen2_5_vl.py:1;modeling_qwen2_5_vl.py:1",Qwen 2.5 VL with M-RoPE + 3D-patch vision. tasks/baseline/L4/qwen25_vl_encoder.py provides L4 vision encoder; qwen2_vl.py is the canonical full L4. All primitives in L1.
qwen2_audio,modeling_qwen2_audio.py,Qwen2AudioEncoder;Qwen2AudioForConditionalGeneration;Qwen2AudioPreTrainedModel,audio,audio-encoder+text-decoder,composable,"linearâ†’tasks/baseline/L1/linear.py:Linear; conv1dâ†’tasks/baseline/L1/conv1d.py:Conv1d; embeddingâ†’tasks/baseline/L1/embedding.py:Embedding; layer_normâ†’tasks/baseline/L1/layer_norm.py:LayerNorm; sdpaâ†’tasks/baseline/L1/dense_attention.py:DenseAttention; geluâ†’tasks/baseline/L1/gelu.py:GELU; avg_pool_1dâ†’passthrough(F.avg_pool1d torch builtin)",,"modeling_qwen2_audio.py:101;modeling_qwen2_audio.py:265;modeling_qwen2_audio.py:400",Whisper-like audio encoder + Qwen2 text decoder (delegated). Standard primitives.
qwen2_moe,modeling_qwen2_moe.py,Qwen2MoeForCausalLM;Qwen2MoeForQuestionAnswering;Qwen2MoeForSequenceClassification;Qwen2MoeForTokenClassification;Qwen2MoeModel;Qwen2MoePreTrainedModel,text,decoder-only-MoE,composable,"linearâ†’tasks/baseline/L1/linear.py:Linear; embeddingâ†’tasks/baseline/L1/embedding.py:Embedding; rms_normâ†’tasks/baseline/L1/rms_norm.py:RMSNorm; rotary_pos_embâ†’tasks/baseline/L1/rotary_emb.py:RotaryEmbedding; sdpaâ†’tasks/baseline/L1/dense_attention.py:DenseAttention; kv_cacheâ†’tasks/baseline/L1/store_kvcache.py:StoreKVCache; moe_topkâ†’tasks/baseline/L1/grouped_topk.py:GroupedTopK; moe_expertsâ†’tasks/baseline/L2/mixtral_moe.py:MixtralMoE",,"modeling_qwen2_moe.py:1;modeling_qwen2_moe.py:1;modeling_qwen2_moe.py:1",Qwen2 + Mixtral-style MoE. All ops in L1.
qwen3,modeling_qwen3.py,Qwen3ForCausalLM;Qwen3ForQuestionAnswering;Qwen3ForSequenceClassification;Qwen3ForTokenClassification;Qwen3Model;Qwen3PreTrainedModel,text,decoder-only,composable,"linearâ†’tasks/baseline/L1/linear.py:Linear; embeddingâ†’tasks/baseline/L1/embedding.py:Embedding; rms_normâ†’tasks/baseline/L1/rms_norm.py:RMSNorm; rotary_pos_embâ†’tasks/baseline/L1/rotary_emb.py:RotaryEmbedding; sdpaâ†’tasks/baseline/L1/dense_attention.py:DenseAttention; kv_cacheâ†’tasks/baseline/L1/store_kvcache.py:StoreKVCache",,"modeling_qwen3.py:222;modeling_qwen3.py:248;modeling_qwen3.py:294",Qwen3 adds q_norm/k_norm RMSNorm on head_dim and sliding window; otherwise Llama-shape. All primitives in L1.
qwen3_5,modeling_qwen3_5.py,Qwen3_5ForCausalLM;Qwen3_5ForConditionalGeneration;Qwen3_5ForSequenceClassification;Qwen3_5Model;Qwen3_5PreTrainedModel;Qwen3_5TextModel;Qwen3_5VisionModel,multimodal,hybrid-vision-decoder,partial,"linearâ†’tasks/baseline/L1/linear.py:Linear; conv1dâ†’tasks/baseline/L1/conv1d.py:Conv1d; conv3dâ†’tasks/baseline/L1/conv3d.py:Conv3d; embeddingâ†’tasks/baseline/L1/embedding.py:Embedding; rms_normâ†’tasks/baseline/L1/rms_norm.py:RMSNorm; rotary_pos_embâ†’tasks/baseline/L1/rotary_emb.py:RotaryEmbedding; sdpaâ†’tasks/baseline/L1/dense_attention.py:DenseAttention; kv_cacheâ†’tasks/baseline/L1/store_kvcache.py:StoreKVCache; geluâ†’tasks/baseline/L1/gelu.py:GELU; siluâ†’tasks/baseline/L1/silu.py:SiLU","chunk_gated_delta_rule(no L1 wrapper for FLA gated_delta_rule; kb-nano covers GLA/retention/RWKV7 but not gated_delta_rule); causal_conv1d(via vLLM mamba pattern)","modeling_qwen3_5.py:61;modeling_qwen3_5.py:358;modeling_qwen3_5.py:631",Qwen3.5 hybrid GatedDeltaNet+attention with vision tower. Same gap as olmo_hybrid: chunk_gated_delta_rule is missing as a kb-nano L1.
qwen3_5_moe,modeling_qwen3_5_moe.py,Qwen3_5MoeForCausalLM;Qwen3_5MoeForConditionalGeneration;Qwen3_5MoeModel;Qwen3_5MoePreTrainedModel;Qwen3_5MoeTextModel;Qwen3_5MoeVisionModel,multimodal,hybrid-vision-decoder-MoE,partial,"linearâ†’tasks/baseline/L1/linear.py:Linear; conv1dâ†’tasks/baseline/L1/conv1d.py:Conv1d; conv3dâ†’tasks/baseline/L1/conv3d.py:Conv3d; rms_normâ†’tasks/baseline/L1/rms_norm.py:RMSNorm; rotary_pos_embâ†’tasks/baseline/L1/rotary_emb.py:RotaryEmbedding; sdpaâ†’tasks/baseline/L1/dense_attention.py:DenseAttention; kv_cacheâ†’tasks/baseline/L1/store_kvcache.py:StoreKVCache; moe_topkâ†’tasks/baseline/L1/grouped_topk.py:GroupedTopK; moe_expertsâ†’tasks/baseline/L2/mixtral_moe.py:MixtralMoE","chunk_gated_delta_rule(no L1 wrapper for FLA gated_delta_rule); causal_conv1d(via vLLM mamba pattern)","modeling_qwen3_5_moe.py:62;modeling_qwen3_5_moe.py:359;modeling_qwen3_5_moe.py:632",Qwen3.5 MoE variant. Same gap as qwen3_5: chunk_gated_delta_rule missing.
qwen3_moe,modeling_qwen3_moe.py,Qwen3MoeForCausalLM;Qwen3MoeForQuestionAnswering;Qwen3MoeForSequenceClassification;Qwen3MoeForTokenClassification;Qwen3MoeModel;Qwen3MoePreTrainedModel,text,decoder-only-MoE,composable,"linearâ†’tasks/baseline/L1/linear.py:Linear; embeddingâ†’tasks/baseline/L1/embedding.py:Embedding; rms_normâ†’tasks/baseline/L1/rms_norm.py:RMSNorm; rotary_pos_embâ†’tasks/baseline/L1/rotary_emb.py:RotaryEmbedding; sdpaâ†’tasks/baseline/L1/dense_attention.py:DenseAttention; kv_cacheâ†’tasks/baseline/L1/store_kvcache.py:StoreKVCache; moe_topkâ†’tasks/baseline/L1/grouped_topk.py:GroupedTopK; moe_expertsâ†’tasks/baseline/L2/qwen3_moe.py",,"modeling_qwen3_moe.py:1;modeling_qwen3_moe.py:1;modeling_qwen3_moe.py:1",Qwen3 + Mixtral-style MoE. kb-nano has L2/qwen3_moe.py and L3/qwen3_moe_decoder.py.
qwen3_next,modeling_qwen3_next.py,Qwen3NextForCausalLM;Qwen3NextForQuestionAnswering;Qwen3NextForSequenceClassification;Qwen3NextForTokenClassification;Qwen3NextModel;Qwen3NextPreTrainedModel,text,hybrid,partial,"linearâ†’tasks/baseline/L1/linear.py:Linear; conv1dâ†’tasks/baseline/L1/conv1d.py:Conv1d; rms_normâ†’tasks/baseline/L1/rms_norm.py:RMSNorm; rotary_pos_embâ†’tasks/baseline/L1/rotary_emb.py:RotaryEmbedding; sdpaâ†’tasks/baseline/L1/dense_attention.py:DenseAttention; kv_cacheâ†’tasks/baseline/L1/store_kvcache.py:StoreKVCache; moe_topkâ†’tasks/baseline/L1/grouped_topk.py:GroupedTopK; siluâ†’tasks/baseline/L1/silu.py:SiLU","chunk_gated_delta_rule(no L1 wrapper for FLA gated_delta_rule); causal_conv1d(supported via vLLM mamba pattern + L1 conv1d)","modeling_qwen3_next.py:52;modeling_qwen3_next.py:498;modeling_qwen3_next.py:815",Qwen3-Next: hybrid GatedDeltaNet + attention + MoE. Same gated_delta_rule gap as olmo_hybrid/qwen3_5.
qwen3_omni_moe,modeling_qwen3_omni_moe.py,Qwen3OmniMoeAudioEncoder;Qwen3OmniMoeCode2Wav;Qwen3OmniMoeCode2WavDecoderBlock;Qwen3OmniMoeForConditionalGeneration;Qwen3OmniMoeMTPLayerForConditionalGeneration;Qwen3OmniMoePreTrainedModel;Qwen3OmniMoeTalkerForConditionalGeneration;Qwen3OmniMoeTalkerTextModel;Qwen3OmniMoeThinkerForConditionalGeneration;Qwen3OmniMoeThinkerTextModel;Qwen3OmniMoeVisionEncoder,multimodal,omni-modal-MoE,partial,"linearâ†’tasks/baseline/L1/linear.py:Linear; conv1dâ†’tasks/baseline/L1/conv1d.py:Conv1d; conv2dâ†’tasks/baseline/L1/conv2d.py:Conv2d; conv3dâ†’tasks/baseline/L1/conv3d.py:Conv3d; embeddingâ†’tasks/baseline/L1/embedding.py:Embedding; layer_normâ†’tasks/baseline/L1/layer_norm.py:LayerNorm; rms_normâ†’tasks/baseline/L1/rms_norm.py:RMSNorm; rotary_pos_embâ†’tasks/baseline/L1/rotary_emb.py:RotaryEmbedding; sdpaâ†’tasks/baseline/L1/dense_attention.py:DenseAttention; kv_cacheâ†’tasks/baseline/L1/store_kvcache.py:StoreKVCache; geluâ†’tasks/baseline/L1/gelu.py:GELU; moe_topkâ†’tasks/baseline/L1/grouped_topk.py:GroupedTopK","conv_transpose1d(nn.ConvTranspose1d in Code2Wav decoder; no L1 kernel - partial via torch.nn convention)","modeling_qwen3_omni_moe.py:1;modeling_qwen3_omni_moe.py:1;modeling_qwen3_omni_moe.py:1",Qwen3 omni-modal MoE: thinker + talker + Code2Wav vocoder. Vocoder uses ConvTranspose1d.
qwen3_vl,modeling_qwen3_vl.py,Qwen3VLForConditionalGeneration;Qwen3VLModel;Qwen3VLPreTrainedModel;Qwen3VLTextModel;Qwen3VLVisionModel,multimodal,vision-encoder+text-decoder,kb_nano_l4,"linearâ†’tasks/baseline/L1/linear.py:Linear; conv3dâ†’tasks/baseline/L1/conv3d.py:Conv3d; embeddingâ†’tasks/baseline/L1/embedding.py:Embedding; rms_normâ†’tasks/baseline/L1/rms_norm.py:RMSNorm; layer_normâ†’tasks/baseline/L1/layer_norm.py:LayerNorm; rotary_pos_embâ†’tasks/baseline/L1/rotary_emb.py:RotaryEmbedding; sdpaâ†’tasks/baseline/L1/dense_attention.py:DenseAttention; kv_cacheâ†’tasks/baseline/L1/store_kvcache.py:StoreKVCache; geluâ†’tasks/baseline/L1/gelu.py:GELU",,"modeling_qwen3_vl.py:1;modeling_qwen3_vl.py:1;modeling_qwen3_vl.py:1",Qwen3 VL. tasks/baseline/L4/qwen3_vl.py exists as the L4 pipeline.
qwen3_vl_moe,modeling_qwen3_vl_moe.py,Qwen3VLMoeForConditionalGeneration;Qwen3VLMoeModel;Qwen3VLMoePreTrainedModel;Qwen3VLMoeTextModel;Qwen3VLMoeVisionModel,multimodal,vision-encoder+text-decoder-MoE,composable,"linearâ†’tasks/baseline/L1/linear.py:Linear; conv3dâ†’tasks/baseline/L1/conv3d.py:Conv3d; embeddingâ†’tasks/baseline/L1/embedding.py:Embedding; rms_normâ†’tasks/baseline/L1/rms_norm.py:RMSNorm; rotary_pos_embâ†’tasks/baseline/L1/rotary_emb.py:RotaryEmbedding; sdpaâ†’tasks/baseline/L1/dense_attention.py:DenseAttention; kv_cacheâ†’tasks/baseline/L1/store_kvcache.py:StoreKVCache; geluâ†’tasks/baseline/L1/gelu.py:GELU; moe_topkâ†’tasks/baseline/L1/grouped_topk.py:GroupedTopK; moe_expertsâ†’tasks/baseline/L2/mixtral_moe.py",,"modeling_qwen3_vl_moe.py:1;modeling_qwen3_vl_moe.py:1;modeling_qwen3_vl_moe.py:1",Qwen3 VL with MoE text decoder. All primitives in L1; mirrors qwen3_vl + Mixtral-style MoE.
